Country Name,Country Code,1990,1991,1992,1993,1994,1995,1996,1997,1998,1999,2000,2001,2002,2003,2004,2005,2006,2007,2008,2009,2010,2011,2012,2013,2014,2015,2016,2017,2018,2019,2020,2021,2022
Afghanistan,AFG,15.635,15.698,15.715,15.726,15.796,15.634,15.479,15.363,15.286,15.224,15.346,15.514,15.695,15.869,16.035,15.841,15.655,15.506,15.426,15.44,15.769,16.186,17.118,18.088,19.096,20.141,21.227,19.836,18.402,16.463,14.787,5.153,4.828
Angola,AGO,75.489,75.481,75.485,75.499,75.52,75.515,75.522,75.54,75.566,75.598,75.602,75.614,75.63,75.648,75.663,75.648,75.638,75.63,75.625,75.625,74.87,74.638,74.405,74.171,73.936,73.7,73.462,73.224,72.985,73.047,74.694,72.843,72.76
Albania,ALB,53.13,53.737,52.962,52.316,51.374,50.76,51.553,50.943,50.132,49.701,49.201,48.945,48.332,47.726,47.131,46.548,45.978,45.421,45.847,46.735,52.468,48.821,43.66,43.818,46.989,49.763,49.609,51.284,52.815,50.089,51.788,52.919,52.824
Argentina,ARG,46.494,47.634,48.844,49.664,48.938,49.718,50.951,51.462,50.666,50.359,49.389,47.156,48.535,49.954,49.094,49.735,48.899,48.063,48.788,47.693,47.949,48.056,47.65,47.429,47.512,47.598,47.685,49.165,50.02,46.506,50.283,50.366,50.84
Armenia,ARM,58.428,58.15,57.687,57.243,56.879,56.615,56.406,56.237,56.077,55.876,55.595,55.243,54.885,54.585,54.348,54.199,54.2,54.207,54.941,55.179,55.298,55.338,55.447,55.548,55.651,55.719,55.772,55.765,57.625,57.689,58.156,56.491,56.001
Australia,AUS,51.957,51.921,51.688,52.589,53.588,53.78,53.571,53.628,53.619,54.504,55.049,55.255,55.926,55.691,56.977,57.539,58.09,58.545,58.76,58.626,58.875,58.779,58.696,58.664,59.108,59.343,59.848,60.505,60.957,60.192,61.216,61.332,61.518
Austria,AUT,43.538,44.845,45.301,48.636,49.391,48.832,48.728,49.343,49.514,49.406,49.36,50.605,50.783,50.639,51.458,52.145,52.99,53.507,54.189,54.285,54.617,55.114,55.379,55.422,55.466,56.016,56.016,56.059,56.15,55.902,56.099,56.555,56.748
Azerbaijan,AZE,66.348,67.928,69.96,72.072,73.58,73.785,73.627,73.177,72.88,72.135,70.195,68.729,66.541,64.093,62.824,61.004,56.248,56.243,57.967,59.72,58.194,59.144,59.29,60.139,60.96,62.027,62.419,62.988,65.714,64.728,65.648,67.149,67.404
Burundi,BDI,89.974,89.463,88.797,88.117,87.52,86.751,85.892,85.01,84.21,83.364,82.485,81.556,80.564,79.508,78.337,77.036,77.654,78.199,78.754,79.256,79.626,79.951,80.242,80.472,80.502,80.44,80.291,80.081,79.723,78.596,79.139,78.769,78.782
Belgium,BEL,37.97,38.875,39.559,40.169,40.541,40.561,41.005,41.662,43.167,43.643,41.864,42.571,42.951,44.25,45.691,45.815,46.534,46.912,46.947,47.713,47.034,47.1,47.766,48.077,48.004,47.77,48.737,49.533,49.841,49.336,50.042,50.829,50.551
Benin,BEN,56.972,56.975,57.708,58.464,59.245,60.039,60.85,61.685,62.546,63.433,64.348,65.292,65.756,66.223,66.697,67.173,67.647,68.126,68.608,69.094,69.583,67.819,66.004,64.14,62.232,60.283,58.299,56.283,56.323,55.784,54.796,56.392,56.725
Burkina Faso,BFA,79.368,78.361,77.319,76.241,75.128,73.982,72.801,71.578,70.313,69.014,67.68,66.311,64.911,63.481,62.026,60.55,60.111,59.698,59.307,58.937,58.587,58.258,57.954,57.675,57.69,57.704,57.72,57.741,57.768,57.215,57.795,57.777,57.59
Bangladesh,BGD,25.729,25.897,26.108,26.35,26.619,26.85,27.111,27.393,27.676,27.951,28.153,28.367,28.583,28.794,29.005,29.131,29.541,29.962,30.384,30.789,31.191,31.595,32.007,32.424,32.847,33.271,36.449,36.703,36.906,36.565,37.868,37.045,37.006
Bulgaria,BGR,53.633,53.855,52.711,51.565,50.417,49.267,48.115,46.965,45.815,44.666,46.457,46.063,44.799,45.465,44.422,46.36,47.476,48.333,47.521,47.794,47.224,47.849,48.577,48.63,48.573,47.666,49.518,49.218,50.276,49.188,49.034,50.598,50.109
Bahrain,BHR,28.984,29.606,30.22,30.842,31.476,32.126,32.794,33.494,34.244,35.045,35.895,36.728,37.536,38.256,38.975,39.769,40.642,41.594,42.626,43.601,42.582,42.818,42.986,42.994,43.029,43.222,43.54,44.067,44.354,43.484,43.672,43.853,44.135
"Bahamas, The",BHS,65.161,65.693,66.217,66.685,67.077,67.417,68.103,67.458,68.695,68.998,69.151,69.269,68.886,68.701,68.81,68.86,68.751,68.22,67.491,67.407,67.295,67.458,66.965,66.887,66.702,66.671,66.801,66.902,66.802,62.057,64.288,65.083,65.346
Bosnia and Herzegovina,BIH,31.691,31.296,30.714,30.19,29.804,29.761,29.713,29.686,29.657,29.581,29.53,29.914,30.255,30.528,30.797,31.086,31.077,32.443,32.862,34.04,34.024,34.106,33.994,35.506,35.433,34.845,35.409,34.894,36.947,36.009,39.63,40.302,40.53
Belarus,BLR,53.179,52.979,52.795,52.773,52.848,52.7,52.511,52.541,52.742,53.465,54.047,54.503,54.861,55.165,55.515,55.908,56.354,56.831,57.296,57.735,58.166,58.533,58.825,59.079,59.304,59.501,59.436,59.024,59.331,59.067,59.427,59.463,59.244
Belize,BLZ,33.099,34.004,34.41,34.244,35.581,36.937,38.318,39.236,39.288,39.802,40.313,40.825,41.343,41.865,42.386,42.909,43.434,43.96,44.488,45.001,45.499,45.999,46.499,47.393,48.255,49.117,48.71,48.911,48.962,47.333,48.357,49.749,50.172
Bolivia,BOL,57.473,57.407,57.764,58.181,58.607,58.978,59.451,60.133,60.812,58.77,59.031,59.299,59.57,59.843,60.117,63.382,60.887,61.998,62.592,62.229,61.865,57.652,58.78,61.172,54.61,56.949,59.139,63.586,60.736,59.337,57.599,58.574,59.95
Brazil,BRA,43.794,44.746,45.708,46.679,47.661,46.428,47.487,48.223,49.522,50.669,51.819,53.361,53.483,54.405,55.594,55.301,55.08,54.705,55.187,53.679,52.162,52.394,52.363,52.299,52.959,53.207,54.083,54.368,55.136,50.186,52.309,53.689,53.133
Barbados,BRB,59.69,59.356,60.206,61.049,62.582,61.339,62.402,62.036,61.563,62.688,63.801,62.83,63.933,64.476,64.497,62.784,61.973,62.537,62.714,62.888,63.058,61.077,62.022,60.445,60.847,61.913,60.543,59.508,59.064,57.585,58.324,58.427,58.503
Brunei Darussalam,BRN,46.23,47.217,48.208,49.193,50.17,51.143,52.113,53.078,54.036,54.988,55.931,55.969,56.007,56.046,56.086,56.128,56.17,56.216,56.263,56.31,56.356,56.33,56.311,56.3,56.297,56.302,56.316,57.381,54.966,54.557,55.056,55.149,55.425
Bhutan,BTN,57.336,57.268,57.224,57.18,57.132,57.543,58.057,58.643,59.253,59.891,60.655,61.477,62.326,63.155,63.948,64.396,64.836,65.256,65.655,63.367,62.38,63.088,58.263,54.019,55.063,54.979,54.899,54.824,60.69,63.06,64.95,64.93,64.546
Botswana,BWA,46.625,46.707,46.778,46.863,46.968,47.059,47.171,47.3,47.858,48.436,49.087,49.74,50.396,51.052,51.71,52.367,53.428,54.487,55.543,52.652,53.319,53.987,54.654,55.32,55.983,56.642,57.298,57.95,58.6,56.981,59.263,59.906,59.879
Canada,CAN,58.42,57.834,57.66,57.518,57.475,57.462,57.787,58.388,58.914,59.4,59.756,60.911,61.894,61.991,61.659,61.883,62.505,62.551,62.426,62.407,62.161,62.121,62.171,61.547,61.213,61.274,61.476,61.292,61.437,59.509,60.622,60.947,61.14
Switzerland,CHE,51.965,52.236,52.876,52.175,52.15,56.951,56.915,58.147,58.161,57.627,58.822,59.295,59.458,59.1,59.336,59.752,59.924,61.291,61.555,59.979,60.537,60.83,61.14,61.9,62.282,62.832,62.599,62.898,62.972,62.506,62.226,61.483,61.284
Channel Islands,CHI,45.78,46.054,45.823,45.828,46.31,47.257,47.923,48.332,49.137,49.204,50.449,52.319,53.072,53.066,52.509,51.872,51.094,51.66,52.672,52.597,51.245,51.476,51.496,51.485,51.553,51.751,51.733,51.681,51.759,50.973,51.219,50.9,50.888
Chile,CHL,32.017,33.423,34.197,34.756,35.913,36.78,37.516,37.878,38.12,37.724,36.749,36.47,37.823,39.244,40.16,41.317,42.262,44.207,44.645,45.501,47.525,47.775,47.91,48.564,48.431,48.194,48.72,49.287,49.451,45.459,46.599,50.043,51.769
China,CHN,72.844,72.597,72.348,72.098,71.846,71.593,71.339,71.083,70.826,70.567,69.913,69.251,68.58,67.901,67.213,66.518,65.816,65.107,64.391,63.668,63.665,63.347,63.049,62.867,62.662,62.399,62.048,61.695,61.433,60.122,61.533,61.083,60.537
Cote d'Ivoire,CIV,47.966,48.027,48.101,48.18,48.262,48.287,48.314,48.345,48.716,49.085,49.452,49.81,50.166,50.526,50.887,51.249,51.613,51.98,52.35,52.724,53.106,53.497,53.889,54.281,54.675,55.069,55.465,55.864,56.264,55.733,56.548,56.346,56.469
Cameroon,CMR,77.725,77.718,77.721,77.735,77.761,77.777,77.805,77.844,77.888,77.935,77.963,77.991,78.02,78.051,78.083,78.093,78.108,75.74,73.2,70.493,69.635,68.768,67.894,67.013,67.04,67.065,67.099,67.14,67.188,66.549,66.698,67.181,67.294
"Congo, Dem. Rep.",COD,71.424,71.392,71.367,71.357,71.371,71.336,71.321,71.325,71.337,71.347,71.322,71.304,71.291,71.282,71.278,70.094,68.884,67.648,66.387,65.102,63.795,62.467,62.454,62.453,62.464,62.462,62.478,62.508,62.55,61.956,62.475,62.645,62.667
"Congo, Rep.",COG,66.18,66.251,66.328,66.403,66.473,66.534,66.595,66.65,66.7,66.745,66.763,66.785,66.806,66.821,66.827,66.843,66.853,66.858,66.867,66.885,66.822,66.777,66.749,66.734,66.731,66.754,66.792,66.845,66.912,65.984,66.764,66.742,66.9
Colombia,COL,51.171,51.6,52.259,52.997,53.642,53.747,54.108,53.984,53.004,53.301,53.4,52.357,53.719,52.959,51.15,50.566,49.987,50.377,53.924,54.419,54.948,56.015,55.308,55.009,55.265,54.728,54.351,53.255,52.402,51.122,51.693,50.942,51.417
Comoros,COM,31.588,31.606,31.633,31.675,31.732,31.793,31.863,31.945,32.046,32.168,32.283,32.409,32.52,32.597,32.597,32.598,32.599,32.603,32.612,32.625,32.642,32.662,32.685,32.709,32.764,32.807,32.858,32.919,32.992,32.672,33.024,32.954,33.059
Cabo Verde,CPV,41.259,41.566,41.874,42.188,42.51,42.84,43.178,43.525,43.88,44.221,44.549,44.888,45.237,45.6,45.974,46.36,46.761,47.175,47.603,48.062,48.626,49.193,49.768,50.353,50.949,51.553,52.167,48.752,50.55,48.027,49.149,50.52,51.076
Costa Rica,CRI,33.21,32.469,33.369,34.494,35.382,33.861,36.895,39.202,39.685,38.384,41.311,40.889,41.204,39.584,43.437,43.074,44.066,44.215,44.608,43.904,46.285,51.25,51.073,51.166,49.892,45.85,45.739,48.499,52.579,48.492,50.109,50.149,44.748
Cuba,CUB,36.816,35.502,33.812,33.85,34.054,34.838,35.075,35.023,35.606,36.21,36.522,36.712,37.175,37.821,38.969,40.174,40.866,41.201,42.376,41.861,41.635,41.853,42.033,42.007,42.345,42.21,42.222,42.288,42.083,39.449,40.456,41.275,41.727
Cyprus,CYP,42.462,42.992,43.693,44.402,45.109,45.815,46.524,47.234,47.947,48.661,51.387,52.081,53.464,53.029,53.118,54.105,55.544,55.721,56.531,57.603,57.23,56.805,56.909,58.465,57.589,56.208,56.7,57.29,57.354,56.521,57.692,59.436,60.262
Czechia,CZE,52.347,52.342,52.336,52.579,52.327,51.818,51.816,51.952,52.104,51.628,51.264,50.924,50.782,50.523,50.617,50.535,49.758,49.325,49.547,49.325,49.468,50.04,50.918,50.86,51.244,51.86,52.283,52.775,52.59,51.816,51.965,52.221,51.921
Germany,DEU,48.128,47.873,47.623,47.799,47.685,47.85,48.206,48.436,48.987,48.884,49.334,49.397,49.781,49.481,51.152,52.029,52.453,52.559,52.951,53.052,53.99,54.022,54.571,54.759,54.708,55.645,55.915,55.965,56.596,55.56,55.471,56.149,56.448
Djibouti,DJI,15.284,15.338,15.428,15.511,15.566,15.649,15.699,15.734,15.791,15.886,15.948,16.042,16.162,16.291,16.422,16.637,16.858,17.084,17.308,17.518,17.634,17.73,17.811,17.895,17.99,18.046,18.133,18.235,18.329,17.906,18.192,18.379,18.533
Denmark,DNK,61.689,62.391,61.855,58.296,57.468,58.758,59.024,59.513,60.038,60.222,59.659,60.235,59.724,60.383,60.391,60.93,60.654,59.903,59.644,58.85,58.589,58.148,57.596,57.019,56.737,57.563,57.616,57.567,57.987,57.75,58.071,59.441,59.519
Dominican Republic,DOM,34.851,35.81,36.411,36.52,36.919,37.354,38.098,38.651,39.137,39.498,38.101,39.767,38.914,38.905,39.545,40.357,40.041,41.637,38.734,41.482,43.478,45.028,44.914,45.2,47.995,48.662,48.864,50.134,52.135,47.278,50.931,50.352,51.8
Algeria,DZA,10.98,11.101,11.241,11.401,11.58,11.763,11.895,12.035,12.184,12.335,12.489,12.646,12.805,12.966,13.131,13.299,13.471,13.647,13.825,14.058,14.861,15.695,16.472,14.798,16.179,16.826,16.693,16.56,16.456,15.439,16.003,16.344,16.813
Early-demographic dividend,EAR,33.7530977904981,33.9304080324248,33.8070597521605,34.2480256602875,34.3664434568604,34.6221398076752,34.8693888636525,35.2253290196421,35.4528931078704,35.5273408192752,35.3337404650201,35.051484431322,35.076995483647,35.055267143747,35.0509637431775,35.0059043306531,35.2670844072162,35.0887508743553,35.1341647465423,35.0841270635121,34.8180844473058,34.6393007592135,34.6051949717954,34.5797870044102,34.767007181242,34.8510262578003,34.9294330217986,34.9459565611508,35.0312723839925,33.8730595377463,34.664365764347,35.4844316998585,37.7105635932481
Ecuador,ECU,47.548,47.58,47.597,47.985,48.058,48.046,48.5,51.662,48.766,45.841,46.94,48.038,49.134,52.701,51.888,52.671,51.926,51.998,49.638,47.987,47.043,48.057,48.106,47.668,51.889,55.391,56.156,54.465,54.39,48.295,53.717,54.288,53.185
Eritrea,ERI,72.312,72.369,72.465,72.594,72.697,72.768,72.712,72.613,72.514,72.392,72.243,72.064,71.88,71.73,71.569,71.545,71.528,71.496,71.532,71.546,71.615,71.617,71.563,71.663,71.513,71.434,71.286,71.248,71.161,70.218,70.435,71.133,71.368
Spain,ESP,33.344,34.352,34.916,36.196,36.654,37.154,37.94,38.3,39.0,40.542,39.336,41.791,43.279,44.673,46.096,47.52,48.554,49.935,51.015,51.714,52.362,52.941,52.889,52.608,52.593,52.581,52.18,51.912,52.143,51.088,52.584,52.605,52.626
Estonia,EST,58.199,55.753,54.707,54.663,53.706,53.511,53.831,52.533,51.774,52.265,51.731,50.952,52.008,52.978,53.329,54.51,53.899,54.763,54.689,55.04,55.585,55.312,55.275,54.474,55.791,56.178,56.924,57.264,57.455,57.369,57.821,60.17,61.139
Ethiopia,ETH,66.641,66.623,66.613,66.605,67.379,68.141,68.891,69.631,70.363,71.084,71.791,72.489,73.177,73.855,74.525,74.481,74.439,74.4,74.362,74.326,74.29,74.256,74.223,74.282,74.343,74.395,74.45,74.507,74.563,73.856,74.608,74.641,74.753
Fragile and conflict affected situations,FCS,54.7875473740378,54.6929084603636,54.484877484908,54.3689520957686,54.4709443842275,54.4270462659034,54.3400146436804,54.2988170198241,54.2672972907395,54.1963640169911,54.0822300375176,53.8757591150993,53.6360958036339,53.5054314270815,53.4224367119686,53.1084081259121,52.8385388415792,52.4915357326032,52.1578770163987,51.8233348536685,51.683632437589,51.3565655617923,51.2371103462092,51.0769253355264,50.9710727676725,50.7399619731319,50.2920870496879,50.0675972685042,49.5721255748579,48.6981228024934,48.6785033142486,48.4863687191856,48.8202429559126
Finland,FIN,57.396,56.191,55.458,54.722,54.631,54.551,54.855,55.054,56.112,56.147,56.656,56.931,56.617,56.367,56.791,57.068,57.374,57.374,56.943,55.937,55.784,55.963,55.505,55.481,55.591,54.987,55.188,55.856,55.765,55.224,55.924,57.255,57.722
Fiji,FJI,39.632,39.543,39.526,39.463,39.438,39.385,38.972,38.556,38.143,37.729,37.314,36.9,36.485,36.069,34.847,36.586,38.345,40.138,41.958,43.788,45.621,44.205,42.801,41.415,39.885,38.376,38.407,38.439,38.453,37.159,37.068,38.634,39.149
France,FRA,46.824,47.246,47.718,47.924,48.17,48.558,48.242,48.561,48.899,49.07,48.869,49.072,50.315,50.129,50.351,50.412,50.762,50.948,51.358,51.374,51.269,51.505,51.728,51.637,51.64,51.625,51.311,51.43,51.256,50.626,52.204,52.524,52.782
Gabon,GAB,38.595,38.564,38.544,38.539,38.546,38.555,38.58,38.619,38.667,38.724,38.793,38.868,38.947,39.025,39.096,39.213,39.319,39.41,39.484,39.54,39.614,39.679,39.728,39.762,39.79,39.704,39.633,39.576,39.536,37.122,37.795,39.515,39.936
United Kingdom,GBR,52.324,52.472,52.549,52.589,52.551,52.997,53.4,53.429,53.786,54.197,54.09,54.651,54.559,54.934,55.398,55.904,55.684,55.966,56.148,56.064,56.202,56.41,56.759,57.015,57.198,57.495,57.794,58.034,58.456,58.607,58.347,58.134,58.258
Georgia,GEO,57.69,58.277,58.942,59.698,59.2,58.123,57.191,56.826,58.245,55.169,58.234,56.04,57.628,56.955,56.023,53.724,54.967,54.198,54.635,55.796,56.134,57.257,56.434,57.349,59.005,57.933,56.751,55.648,54.626,55.115,56.12,54.726,54.411
Ghana,GHA,76.488,76.079,75.664,75.245,74.822,74.395,73.962,73.524,73.082,72.634,72.16,71.681,71.197,70.709,70.216,69.719,69.217,68.711,68.201,67.687,67.169,66.648,66.123,65.593,65.06,65.106,65.161,65.223,65.288,64.668,64.846,65.353,65.27
Guinea,GIN,63.079,63.015,62.968,62.936,62.917,62.852,62.812,62.79,62.779,62.788,62.745,62.72,61.573,60.417,59.255,58.085,56.901,55.707,54.505,53.297,52.082,50.864,49.642,48.417,47.187,45.956,44.725,43.496,42.268,41.85,41.758,42.327,42.393
"Gambia, The",GMB,45.198,45.063,44.962,45.262,45.57,45.88,46.188,46.496,46.804,47.111,47.416,47.721,48.017,48.307,48.594,48.881,49.165,49.448,49.73,50.012,50.294,50.576,51.481,52.39,53.303,54.218,55.137,56.057,56.09,55.554,56.177,56.103,56.305
Guinea-Bissau,GNB,47.977,47.975,47.979,48.0,48.043,48.029,48.043,48.083,48.133,48.177,48.226,48.278,48.336,48.398,48.465,48.502,48.543,48.586,48.626,48.663,48.672,48.687,48.705,48.726,48.752,48.766,48.789,48.822,48.866,48.396,48.899,48.821,48.869
Equatorial Guinea,GNQ,49.962,49.943,49.927,49.926,49.948,50.009,50.105,50.21,50.3,50.371,50.424,50.479,50.519,50.54,50.551,50.609,50.677,50.735,50.785,50.839,50.873,50.927,50.984,51.036,51.093,51.108,51.158,51.213,51.267,48.722,49.661,51.109,51.579
Greece,GRC,33.427,34.717,34.978,35.71,36.413,37.724,37.746,39.601,40.11,40.089,39.322,39.847,40.425,41.601,41.77,42.085,41.914,41.909,42.895,43.514,43.329,43.673,43.551,43.984,44.531,44.602,44.354,43.928,44.08,43.268,43.858,45.006,45.188
Guatemala,GTM,39.346,39.592,39.754,39.953,40.274,40.36,40.632,40.99,41.227,41.418,41.508,41.746,41.866,42.078,41.981,41.893,41.814,41.745,41.686,41.637,40.139,45.026,39.727,40.023,38.484,39.568,38.699,38.449,37.154,36.87,38.352,40.544,40.825
Guam,GUM,59.65,59.703,59.754,59.807,59.864,59.922,59.978,60.033,60.088,60.131,58.142,54.456,53.565,52.665,54.85,55.247,48.353,50.871,53.375,56.472,56.153,56.27,56.357,56.446,56.471,56.449,56.461,56.365,56.433,55.501,56.464,56.499,56.313
Guyana,GUY,37.504,38.303,39.08,38.564,38.049,37.535,37.022,36.511,35.998,35.486,34.976,34.468,34.904,35.363,35.828,36.298,36.772,37.251,37.734,38.224,38.719,39.219,39.747,40.301,40.855,41.41,41.966,42.417,39.163,38.856,39.328,38.791,39.61
High income,HIC,50.7577734366034,50.6878979678277,50.3681750358278,50.3977392943483,50.4025572367351,50.469781615792,50.6463034223782,50.5800750945253,51.2387024117157,51.4570413523283,51.3095743338706,51.3985038747259,51.4658166710823,51.6233277350777,51.9345895689524,52.2500753059348,52.428479428603,52.6548279243884,52.7051095189031,52.6165406970535,52.6294308323629,52.7575118390797,52.7784170026198,52.9034917131549,52.8834787204237,53.1589315798595,53.3660352302025,53.6564338111703,53.9601778160533,53.2800247995617,53.7132326458752,54.2210314921051,54.4606282331459
"Hong Kong SAR, China",HKG,47.789,46.283,46.559,47.24,47.516,47.794,48.035,48.676,48.813,48.949,50.632,51.917,51.578,51.8,51.901,52.612,53.054,53.129,53.222,51.89,52.928,53.518,54.471,54.53,54.719,54.773,55.121,55.205,55.006,54.277,54.145,52.872,52.336
Honduras,HND,43.596,44.052,44.562,44.387,44.857,44.855,45.144,45.325,45.043,43.34,42.925,42.516,42.114,41.719,41.332,38.396,37.767,39.378,40.856,42.587,39.618,38.236,43.347,45.943,46.493,45.854,45.706,50.317,47.061,47.515,49.404,49.703,49.883
Heavily indebted poor countries (HIPC),HPC,62.3856000205168,62.3805575192196,62.2674540469713,62.3011452755383,62.5336284074942,62.5857383020342,62.5823378902371,62.6035467168641,62.6575457924064,62.6812870630158,62.7733183456979,62.8266175699085,62.8392377245106,62.9097645318735,62.9544065195891,62.736563348586,62.4371201908676,62.1433986553623,61.8000505944856,61.4624293978146,61.1325215749794,60.6815722336633,60.5799287692616,60.4582391610684,60.278912314333,60.3287729252373,60.2108873293467,60.168887638251,59.8948341963192,59.2878836457814,59.5037540465042,59.2734542020289,59.3760554225705
Croatia,HRV,46.284,46.059,45.827,45.594,45.368,45.152,44.942,44.735,44.533,44.333,44.13,43.924,42.769,43.569,42.563,42.753,45.145,45.746,46.716,46.143,44.614,44.537,44.579,46.416,46.86,45.409,45.543,45.476,45.139,44.638,45.746,46.798,47.929
Haiti,HTI,56.747,56.817,56.894,56.976,57.066,57.008,56.956,56.91,56.87,56.836,57.15,57.463,57.776,58.089,58.401,58.844,59.285,59.725,60.163,60.597,61.205,61.21,61.504,61.831,61.955,62.066,62.237,62.34,62.068,61.48,62.239,60.634,60.932
Hungary,HUN,46.311,46.194,44.238,42.353,40.372,39.664,38.776,40.185,41.141,41.436,40.986,41.229,42.224,42.066,42.989,43.279,42.92,42.697,42.706,43.556,43.651,44.546,44.711,46.047,46.95,47.632,47.984,48.309,48.368,48.164,52.413,53.606,53.976
IBRD only,IBD,51.5685077354961,51.4907862159109,51.1727947750871,51.174386520945,51.1422442309157,50.9633040240041,50.8899144965552,50.8778873142429,51.0198430718696,50.9363582295928,50.5816181558268,50.1891326857683,49.9071728483213,49.6473671658737,49.4588687075312,49.1689862445465,49.0966943593997,48.6899456230424,48.4362834329964,47.9650052177729,47.7063353101209,47.4275018620028,47.1517034831457,46.9587616525423,46.8707444999428,46.7426797383659,46.5277753919605,46.3254790576929,46.1863841408953,44.6292963167775,45.5797412063224,46.0053726956604,47.1543152029877
IDA & IBRD total,IBT,50.958102279567,50.8780465831437,50.6216017164088,50.6438665624944,50.5838738182949,50.4584692491091,50.4163263215279,50.4328705502155,50.5441104662907,50.4732544533503,50.1681160283654,49.8366354541105,49.6101820893747,49.4031998643589,49.2479811782064,48.9838007668779,48.8911800442932,48.5408344892427,48.3361596222049,47.9630663042167,47.7509755327778,47.5054225682317,47.3157701530166,47.1733973062338,47.1543107253579,47.0408176112347,46.9142349336784,46.7341923462301,46.6492445376302,45.3529197208397,46.1820161114149,46.485807454776,47.4005823903669
IDA total,IDA,48.1064250082067,48.0410251754194,48.0952134979566,48.2366254423186,48.0740147679245,48.2084353578021,48.3219172051091,48.4814255734174,48.4763342647383,48.4776576656525,48.4012039739818,48.3430178569315,48.3626074347895,48.3865121784746,48.3778453707587,48.2278341303673,48.0630253070829,47.9477988579201,47.9431212647349,47.9555565586125,47.9216166669421,47.7997128278647,47.9291669056082,47.967139658757,48.1906129905283,48.1162241381087,48.2891355009147,48.1674255655309,48.2481064184984,47.8139490676782,48.1968595030065,48.050338843488,48.1900023610237
IDA blend,IDB,40.8995233248595,41.0637995470387,41.2873501714887,41.5065883936414,40.8105533837931,41.2565667984834,41.7143882747788,41.8185846943666,41.9677389319588,42.1098717439831,42.0293124685748,41.9749627721543,42.2059395012875,42.3975423021614,42.50131659848,42.6096910704775,42.5821184705273,42.548097458557,42.7983071683502,43.0460307180459,43.076065890115,43.1064780471802,43.1666006341845,43.0443096224641,43.3046011986372,42.852498319468,42.4135255833378,41.9448944150987,42.4507738589762,42.2500529477464,42.8297010101369,42.9211465094564,43.0857736839852
Indonesia,IDN,49.466,50.307,49.353,50.599,50.601,50.602,49.76,51.022,51.1,51.605,49.919,47.982,47.778,47.167,46.014,45.945,49.781,50.328,50.249,50.921,50.935,51.442,50.67,50.595,50.731,50.905,51.898,53.089,53.91,53.167,52.034,52.531,53.274
IDA only,IDX,51.5672050456864,51.3922315634044,51.3611842352532,51.4638979938966,51.5587709520126,51.5522346742507,51.5095409058448,51.703283165774,51.6289889500044,51.5716095875447,51.5099071186564,51.4561346263326,51.3770386163139,51.3271973418655,51.2706816911655,50.9983863702788,50.7742172711919,50.6278254136955,50.5023923531162,50.401119391009,50.3346616284433,50.1325464120811,50.2930869229311,50.4042481000038,50.6005785447759,50.6990434248276,51.1601087861859,51.1986976133462,51.0629578472888,50.5089126090847,50.7941570839261,50.5304891408984,50.6537862662041
India,IND,27.776,27.852,27.96,28.108,28.494,28.885,29.283,29.687,30.098,30.516,30.423,30.339,30.262,30.195,30.136,29.862,29.588,29.316,29.045,28.775,27.919,27.075,27.062,27.033,26.971,26.89,26.762,26.609,26.461,25.945,26.731,27.985,32.676
Ireland,IRL,39.0,38.909,40.551,41.568,42.107,43.599,44.695,46.979,48.991,50.085,50.256,51.312,51.786,51.991,54.554,55.355,56.969,56.827,56.113,55.251,54.964,54.77,55.27,54.929,54.853,55.592,55.653,56.038,56.251,55.094,57.851,59.376,59.87
"Iran, Islamic Rep.",IRN,9.98,10.089,10.198,10.313,10.438,10.57,11.319,12.109,12.938,13.808,14.716,15.663,16.635,17.634,18.671,18.028,16.981,14.743,15.682,15.134,13.647,14.703,13.256,12.889,14.256,16.106,17.326,17.414,16.901,13.811,13.188,13.664,14.38
Iraq,IRQ,8.625,8.66,8.699,8.735,8.763,8.796,8.818,9.114,9.42,9.736,10.062,10.399,10.749,11.114,11.492,11.884,12.288,12.219,12.142,12.062,11.981,11.9,12.797,13.744,14.2,14.67,11.351,11.357,11.353,10.761,10.917,11.018,11.375
Iceland,ISL,67.864,68.805,69.08,69.504,71.511,69.834,68.761,70.258,72.333,73.816,72.708,72.087,72.286,70.602,70.947,71.601,71.613,71.013,70.345,70.61,70.157,70.858,71.425,72.2,73.207,73.339,72.595,71.58,71.018,69.141,69.047,70.308,70.069
Israel,ISR,46.773,48.039,49.151,50.758,51.692,51.475,51.421,51.332,52.467,53.47,53.722,53.284,54.169,54.66,55.271,55.644,56.146,56.188,57.119,57.462,57.119,59.318,59.164,60.127,60.092,60.398,60.264,60.834,60.602,59.393,59.684,61.096,60.88
Italy,ITA,35.961,33.97,33.498,33.488,33.515,33.947,34.163,34.673,35.377,35.687,36.228,36.791,37.358,38.44,38.073,38.211,37.957,38.685,38.249,38.182,38.412,39.721,39.692,40.141,39.789,40.457,40.932,41.096,41.248,39.834,40.097,40.684,41.273
Jamaica,JAM,63.47,63.093,62.713,62.288,61.808,61.273,60.69,60.06,59.086,58.216,57.338,56.897,56.47,56.475,56.311,56.126,55.916,55.689,53.752,52.347,52.698,53.134,54.094,54.665,58.756,57.861,58.819,58.549,60.093,57.85,60.421,59.438,61.414
Jordan,JOR,11.056,11.177,11.284,11.42,11.602,11.625,11.692,11.783,11.874,11.96,11.397,11.999,10.95,11.211,11.475,11.669,14.466,14.032,14.68,14.55,14.506,13.94,12.986,12.273,13.568,15.02,16.58,14.615,13.645,14.942,13.926,13.634,14.047
Japan,JPN,50.661,50.703,50.302,50.149,49.952,50.012,50.353,50.108,49.571,49.232,49.096,48.5,48.209,48.207,48.33,48.439,48.426,48.403,48.473,48.376,48.127,48.064,48.778,49.207,49.445,50.246,51.059,52.407,53.276,53.126,53.548,54.199,54.853
Kazakhstan,KAZ,65.055,65.188,65.447,65.835,66.074,66.012,65.908,65.926,65.814,65.519,65.179,64.972,65.07,64.818,64.625,65.025,65.871,66.736,66.521,66.342,66.166,65.976,65.794,65.599,65.383,65.166,64.97,64.775,64.629,63.694,64.394,63.411,63.153
Kenya,KEN,69.835,69.912,70.003,70.098,70.191,70.264,70.32,70.369,70.426,70.484,70.542,70.6,70.658,70.716,70.774,70.832,70.891,70.95,71.01,71.069,71.13,71.19,71.251,71.311,71.372,71.433,71.594,71.762,71.941,71.258,72.225,72.058,72.203
Kyrgyz Republic,KGZ,60.466,61.744,63.205,65.351,66.019,65.466,64.666,64.61,64.404,64.008,63.606,63.695,63.164,62.658,62.768,62.585,61.944,61.337,61.196,61.326,60.213,57.199,54.749,54.667,54.841,54.029,51.145,52.176,51.882,53.173,52.646,53.415,53.516
Cambodia,KHM,74.217,73.911,73.812,77.608,77.057,76.816,75.989,75.146,74.282,73.392,72.484,71.555,70.608,69.642,68.658,67.657,66.638,65.604,64.556,63.495,62.42,61.333,62.581,63.815,65.033,66.235,67.418,68.582,69.725,69.062,70.147,69.715,69.456
"Korea, Rep.",KOR,46.823,46.808,46.77,47.536,48.111,48.612,49.511,46.805,47.367,49.151,49.787,50.22,49.319,50.561,50.651,50.9,50.823,50.541,49.723,49.943,50.126,50.333,50.645,51.817,52.301,52.519,53.036,53.148,53.752,53.089,53.622,54.963,55.774
Kuwait,KWT,41.082,40.743,41.105,42.428,43.075,43.585,43.679,43.781,43.936,44.181,44.541,45.029,45.632,45.935,46.099,46.04,46.061,46.281,46.694,47.285,48.035,48.792,49.411,49.667,49.617,49.447,49.444,49.046,48.652,46.065,46.706,47.444,47.6
Lao PDR,LAO,62.875,62.658,62.409,61.991,61.651,61.314,60.979,60.835,60.472,60.208,59.95,59.685,59.418,59.144,58.839,58.473,58.176,57.885,57.623,57.333,57.08,56.843,56.623,56.433,56.27,56.131,56.007,55.908,55.833,55.303,55.404,55.824,55.975
Lebanon,LBN,19.126,19.365,19.582,19.782,19.981,20.003,20.064,20.146,20.239,20.317,20.264,20.246,20.261,20.326,20.554,20.789,21.027,21.627,22.237,22.857,23.486,24.126,24.776,25.436,26.147,26.913,27.694,28.489,29.298,26.418,27.595,27.388,27.481
Liberia,LBR,71.533,71.587,71.655,71.715,71.737,71.771,71.798,71.815,71.836,71.88,71.859,71.85,71.854,71.859,71.85,71.834,71.819,71.805,71.8,71.809,71.813,71.827,71.855,71.892,71.937,71.981,72.032,72.09,72.152,71.463,72.04,72.145,72.421
Libya,LBY,28.551,28.876,29.227,29.578,29.919,30.248,30.554,30.848,31.149,31.502,31.894,32.29,32.677,33.031,33.342,33.548,33.674,33.765,33.84,33.91,33.902,33.895,33.896,33.896,33.899,33.969,34.047,34.133,34.234,33.001,33.523,34.248,34.776
St. Lucia,LCA,48.371,48.866,49.364,49.864,50.367,50.874,51.383,51.896,52.413,52.934,53.456,54.285,55.113,55.939,56.764,57.587,58.408,59.226,60.043,60.861,61.681,64.482,63.299,63.62,63.941,64.26,64.577,64.704,64.968,61.856,63.792,63.394,62.622
Least developed countries: UN classification,LDC,53.0020884233986,52.956257793584,52.8880233277971,52.9863893448991,53.1743560037626,53.2299490667976,53.244419723407,53.2810283724257,53.2899640226232,53.2382324644362,53.2061973166663,53.1752615819211,53.1173963822687,53.1084228084524,53.0927844470208,52.8841627218804,52.7394160012128,52.6023443577335,52.4517438331355,52.324556077408,52.1987184387834,52.0353565093441,52.0349487930826,52.0330245823411,52.1050917703087,52.1756100385926,52.6585031630837,52.7245687030048,52.5947610215009,52.1005293940348,52.3972433922354,52.049122164919,52.1962452287534
Low income,LIC,59.0888820885722,59.1269929044353,58.9739025842254,58.9795091941539,59.2699825826337,59.3029562017555,59.2810955871816,59.242868145428,59.3337168746427,59.4024421984613,59.3318269007618,59.1912395601878,59.0362553836285,58.9214536833689,58.7682616171204,58.2486712995062,57.776972366037,57.3856813195928,57.0542888812023,56.7437977264371,56.5428597397556,56.2097211277085,56.2284777499065,56.2911278124141,56.3715334542396,56.3528627543779,56.3234242828486,56.1348445968499,55.9036168248253,55.1942506928549,55.396287780844,55.0449606540568,55.0318798472783
Sri Lanka,LKA,40.987,36.893,37.653,37.873,35.575,35.468,35.246,41.317,37.639,36.324,36.076,35.835,35.595,35.356,35.117,34.882,34.651,34.423,34.197,33.969,33.956,32.659,33.892,33.242,35.373,35.305,36.154,33.171,34.124,31.74,32.536,32.051,32.088
Lower middle income,LMC,35.9262274766588,35.9542431994932,36.0357283124947,36.2036755816002,36.2236629359849,36.4547979557954,36.6441302075522,36.9173112267882,37.1498850863243,37.2789870492454,37.2305440017397,37.0673082088151,37.0552206026196,37.0261437804982,37.1097030995948,37.0761312546269,37.0576302691728,36.8960768306072,36.9073405994238,36.8459140119019,36.4255225267231,35.9557603556695,36.0498980521232,36.0723339005066,36.0692199270603,35.9426267334959,35.7854612530381,35.5175666572105,35.4527315281008,34.7606271974253,35.4491997642568,36.1807878617571,38.6395142826303
Low & middle income,LMY,50.6282830781965,50.5804013507732,50.4117190559789,50.5361288891053,50.5088741202373,50.441475090645,50.4413752906419,50.49678091012,50.4834472377381,50.4053016215312,50.1263423399692,49.7968877255291,49.5912844429836,49.3502835811791,49.1698417136376,48.8769038640332,48.761275590737,48.3842588142325,48.160026210697,47.7744600826679,47.5404290064752,47.2825479200102,47.0977443029618,46.9487703589446,46.9496883189229,46.8357109688099,46.715475176684,46.5312325640607,46.4755848360551,45.1552989196351,46.0124539824651,46.3118221869736,47.3008534322371
Lesotho,LSO,66.696,66.767,66.846,66.933,67.029,67.101,67.176,67.254,67.336,66.656,65.968,65.271,64.567,63.856,63.139,62.418,61.68,60.933,60.186,59.429,58.665,57.894,57.119,57.188,57.275,57.313,57.368,57.43,57.49,56.943,57.168,57.382,57.563
Late-demographic dividend,LTE,65.5114009150147,65.3155944659763,65.0457937210386,64.78790584331,64.6662453691032,64.3115078026771,64.1388843048551,63.954858876585,64.1069853600374,63.9945286403387,63.6064089384354,63.2441052560779,62.8160373613192,62.4559122155633,62.2053940610831,61.7791685339577,61.4221448845136,60.983363207394,60.6558779921374,60.0586564115597,60.067312703031,59.9094630463897,59.6576493236843,59.5388172196146,59.4528322518269,59.2415649108551,59.0446459466478,58.7968649240804,58.6755917892447,57.1462439907551,58.3040347770273,58.2481429909943,57.7941245176793
Lithuania,LTU,59.227,58.395,57.591,56.823,56.07,55.3,54.49,53.663,55.351,54.935,53.264,52.122,54.761,51.304,50.574,49.975,49.926,50.27,51.712,52.061,52.588,53.085,52.77,53.667,54.194,55.398,55.674,56.354,57.033,57.08,56.957,57.409,57.081
Luxembourg,LUX,35.848,39.107,37.59,38.391,35.921,37.119,38.235,38.614,40.812,41.345,42.415,43.538,43.685,45.438,46.366,46.939,47.515,48.09,49.917,49.775,50.261,51.893,52.506,53.447,54.569,53.527,54.979,55.804,55.837,57.018,58.146,58.035,57.818
Latvia,LVA,50.412,51.397,51.781,51.662,51.671,51.553,52.396,51.668,49.944,49.054,50.226,51.384,50.837,50.74,50.685,52.237,53.135,55.024,54.539,53.907,53.045,54.319,54.018,53.409,54.107,54.972,55.147,55.775,55.659,56.0,54.291,55.524,55.68
"Macao SAR, China",MAC,45.466,46.566,48.142,49.761,51.393,52.992,54.522,54.238,55.293,56.286,56.234,56.149,53.373,54.822,56.856,58.774,62.498,63.733,64.598,64.307,65.635,65.149,65.79,66.094,65.878,65.326,64.57,64.612,64.276,62.542,63.538,63.156,63.228
Morocco,MAR,23.439,23.607,23.765,23.894,24.131,24.257,24.498,24.724,24.972,25.189,25.393,24.813,25.064,25.316,25.566,25.811,26.058,26.308,25.941,25.579,25.151,24.392,24.752,24.814,24.398,23.311,22.425,22.187,21.94,20.783,20.733,19.62,19.814
Moldova,MDA,55.96,56.074,56.123,56.169,56.153,56.254,56.208,56.337,56.399,56.348,54.734,54.763,56.061,54.564,55.025,57.236,58.873,59.239,59.918,62.677,64.357,65.291,65.597,69.214,69.39,68.903,67.403,66.395,68.302,68.027,70.594,71.496,72.171
Madagascar,MDG,83.879,83.872,83.865,83.86,83.868,83.921,83.979,84.032,84.079,84.117,84.17,84.172,84.194,84.199,84.192,84.16,84.115,84.058,83.986,83.903,83.808,83.705,83.595,83.465,83.322,83.228,83.149,83.081,83.022,82.087,82.677,82.496,82.582
Maldives,MDV,21.484,23.007,24.588,26.227,27.897,29.676,31.495,33.361,35.268,37.219,37.228,37.237,37.244,37.25,37.253,37.145,36.912,36.672,36.458,36.964,37.494,38.047,38.62,39.264,39.974,40.695,41.595,41.922,41.886,39.255,40.669,41.992,42.554
Mexico,MEX,34.259,35.024,35.865,36.389,37.628,37.699,39.659,39.338,38.551,38.891,38.256,38.335,39.003,40.135,41.191,42.37,42.742,42.569,43.054,42.9,43.281,44.319,44.297,43.338,43.77,43.808,43.42,43.911,45.34,41.49,44.347,45.766,46.8
North Macedonia,MKD,45.64,45.084,44.55,44.015,43.448,42.872,41.019,40.882,40.766,41.577,41.58,41.569,43.473,43.158,42.845,41.64,42.927,42.604,42.606,41.207,43.433,42.891,44.233,43.808,43.417,42.459,42.76,42.429,44.663,43.737,42.924,42.17,42.637
Mali,MLI,60.4,60.39,60.387,60.393,60.407,60.386,60.38,60.384,60.389,60.391,60.371,60.355,60.342,60.333,60.326,60.289,60.26,60.239,60.224,60.216,60.177,60.152,60.138,60.134,61.207,59.546,57.87,55.616,53.381,50.625,50.812,51.087,51.626
Malta,MLT,26.691,27.184,27.713,27.949,28.152,28.704,29.284,29.387,29.686,29.283,28.871,30.094,29.667,27.346,29.414,29.675,31.526,32.51,32.939,33.714,35.042,38.213,40.426,42.095,42.822,44.536,46.103,48.684,50.253,51.982,53.181,55.609,56.939
Myanmar,MMR,68.815,67.818,67.237,66.499,65.835,65.243,64.75,64.239,63.197,61.899,60.864,59.794,58.6,57.479,56.408,55.426,54.571,53.873,53.195,52.621,52.32,51.933,51.506,51.125,50.81,49.24,47.67,48.452,46.304,44.745,41.059,41.058,41.494
Montenegro,MNE,42.874,42.956,42.982,42.9,42.794,42.71,42.658,42.565,42.778,42.709,42.698,42.672,42.634,42.553,42.479,42.349,42.264,42.195,42.246,42.217,42.188,43.568,43.761,46.31,47.721,47.672,47.558,48.207,50.033,46.516,47.814,49.178,49.441
Mongolia,MNG,56.527,57.056,57.27,57.201,56.927,56.859,56.715,56.602,56.504,56.491,56.398,56.236,55.997,55.901,55.805,55.709,55.612,53.977,53.713,54.164,54.903,54.364,53.824,54.367,53.885,52.831,53.866,51.908,55.744,53.497,51.141,53.293,52.765
Mozambique,MOZ,86.758,86.878,86.973,87.052,87.126,87.099,87.084,86.651,86.21,85.763,85.309,84.848,84.38,83.905,83.421,82.929,82.429,81.921,81.404,80.878,80.344,79.802,79.249,78.687,78.115,78.158,78.213,78.277,78.345,77.601,77.78,78.274,78.419
Mauritania,MRT,25.464,25.761,26.061,26.366,26.675,26.988,27.303,27.62,27.941,28.263,28.171,28.1,28.024,27.946,27.867,27.784,27.697,27.611,27.53,27.455,27.386,27.322,27.113,26.882,26.651,26.42,26.189,26.225,26.263,26.007,26.08,26.222,26.408
Mauritius,MUS,38.325,38.429,38.502,38.562,38.64,38.634,38.632,38.618,38.582,38.539,36.089,37.67,40.933,39.535,40.933,41.184,40.167,41.073,41.515,43.048,42.147,42.556,44.466,44.717,45.85,44.874,45.157,45.055,45.864,42.594,40.429,42.337,43.01
Malawi,MWI,78.446,78.438,78.451,78.459,78.44,78.382,78.32,78.259,78.218,78.202,78.164,78.151,78.154,78.159,78.161,76.754,75.284,73.751,72.155,70.498,68.784,67.916,67.037,66.148,65.249,64.34,63.422,63.558,63.706,63.157,63.358,63.721,63.842
Malaysia,MYS,43.367,43.372,43.407,43.476,43.59,43.743,43.866,43.647,43.737,43.859,43.732,43.704,43.676,43.675,43.639,43.623,43.654,43.028,43.612,43.51,45.189,46.588,49.311,50.28,50.653,50.814,51.165,51.58,51.972,51.664,52.328,51.768,51.598
Namibia,NAM,48.074,48.113,48.162,48.218,47.76,47.304,46.85,46.978,47.106,47.236,47.722,48.208,48.693,49.179,49.666,50.153,50.642,51.131,51.621,52.11,52.598,53.087,58.572,57.214,56.367,55.524,55.468,55.423,55.426,54.163,55.049,55.312,55.822
New Caledonia,NCL,58.841,58.871,58.884,59.001,59.312,59.308,59.376,59.055,58.96,58.917,58.838,58.757,58.8,58.76,58.809,59.014,59.023,58.783,58.673,58.922,59.043,58.996,58.958,58.867,57.753,56.593,55.449,54.312,53.158,53.18,52.725,52.682,52.754
Niger,NER,68.933,68.918,68.91,68.906,68.905,68.882,68.864,68.848,68.832,68.816,68.78,68.751,68.726,68.703,68.682,68.648,68.621,68.601,68.586,68.574,68.557,66.443,64.286,62.098,62.1,62.098,62.101,62.107,62.116,61.524,61.513,62.116,62.26
Nigeria,NGA,56.523,56.554,56.601,56.66,56.729,56.752,56.787,56.831,56.876,56.92,56.908,56.902,56.9,56.898,56.897,56.858,56.829,56.808,56.792,56.779,56.751,56.523,56.296,55.591,54.884,54.176,53.466,52.757,52.046,51.549,51.725,51.992,52.199
Nicaragua,NIC,32.553,32.518,32.422,32.689,33.221,33.533,33.81,34.097,34.923,35.758,36.601,37.449,38.303,39.163,40.025,40.888,41.755,42.623,43.495,44.368,45.243,46.121,46.999,47.878,48.319,48.719,49.097,48.595,48.051,47.488,48.174,49.138,49.438
Netherlands,NLD,44.82,46.134,46.587,47.744,48.351,49.341,50.688,51.515,53.09,54.178,55.141,55.919,56.51,56.965,55.643,56.157,57.412,58.351,58.805,58.715,58.772,59.298,59.255,58.461,58.803,58.682,58.797,59.098,59.812,59.887,60.631,61.191,61.724
Norway,NOR,55.212,55.047,55.116,55.663,57.172,58.44,59.802,61.13,61.139,61.263,61.604,62.528,61.18,61.323,60.891,61.045,62.097,63.25,62.567,61.732,61.628,61.581,61.58,61.392,61.358,60.952,60.359,60.489,60.604,60.235,61.722,61.852,61.77
Nepal,NPL,20.493,20.625,20.796,20.991,21.198,21.194,21.201,21.231,21.304,21.438,21.427,21.451,21.515,21.615,21.767,22.158,22.487,22.769,23.059,23.408,23.775,24.313,24.971,25.641,26.238,26.999,27.611,28.083,28.421,28.118,28.452,28.373,28.679
New Zealand,NZL,54.275,54.009,53.918,55.057,55.835,57.175,57.058,56.966,57.292,57.404,58.27,58.983,59.299,59.79,60.778,61.296,61.757,62.053,62.119,61.992,62.479,62.589,62.479,63.397,63.43,64.652,65.566,65.779,65.821,65.201,66.128,66.899,67.566
Oman,OMN,21.994,22.202,22.465,22.744,22.948,23.13,23.237,23.419,23.647,23.67,23.79,24.159,24.635,24.792,24.952,25.16,25.426,25.756,26.154,26.544,26.966,27.558,28.288,29.039,29.751,30.417,30.593,30.667,30.761,29.562,30.286,31.193,32.037
Other small states,OSS,44.7880480409641,44.3837590808897,44.2871359799046,44.3677859614629,44.3533519383502,44.39359099419,44.57998853268,44.5666137376112,44.7580524311615,44.8707248790547,44.8085951148193,45.1378054495538,45.9607977813382,45.8464084342981,46.2525863063828,46.6968600697432,46.7434837751933,47.0628022566121,47.2421495737578,47.5613625833692,47.4304524575112,47.687225623567,47.7965691458473,47.9022534668041,48.3131992003935,48.208395616006,48.5010750717082,48.6772645003325,49.1990185326734,48.2977347539431,48.6355615546022,49.6464467024831,50.0991248765855
Pakistan,PAK,13.811,13.819,14.18,14.474,12.546,13.697,14.925,15.233,15.674,16.124,16.17,16.213,16.971,17.75,18.316,18.908,19.271,19.811,20.942,21.996,22.183,22.464,22.747,22.948,23.977,23.221,22.47,21.719,23.423,23.661,24.574,24.401,24.456
Panama,PAN,38.028,39.244,40.49,41.385,42.449,42.702,42.957,42.375,43.08,44.006,44.933,45.862,46.332,46.336,47.096,45.523,46.006,47.008,48.001,46.819,45.19,47.438,48.888,49.263,50.034,50.371,50.494,52.11,54.333,49.491,50.416,49.484,50.335
Peru,PER,43.71,43.437,44.779,46.121,49.148,51.703,54.234,55.037,57.699,53.584,58.628,60.094,61.539,62.96,64.357,67.581,70.124,70.297,70.614,72.065,71.257,70.973,70.265,69.369,67.725,67.786,69.453,69.909,70.094,59.924,64.89,66.155,65.902
Philippines,PHL,47.559,47.655,47.663,47.56,47.445,47.279,47.146,47.276,47.233,47.13,47.086,47.012,46.879,46.548,47.286,47.42,47.415,46.881,47.697,47.962,48.788,48.314,48.205,48.973,48.528,48.041,44.889,45.374,46.404,42.519,44.033,46.395,47.208
Papua New Guinea,PNG,72.111,71.241,70.162,69.923,70.331,69.977,70.438,70.91,70.954,71.33,69.231,67.049,64.792,62.467,60.083,57.65,55.18,52.684,50.175,47.665,47.717,47.601,47.522,47.049,46.869,46.736,46.679,46.768,46.623,46.181,46.155,46.635,46.427
Poland,POL,53.557,53.357,52.837,52.515,51.473,50.866,49.808,49.549,49.205,49.953,50.118,48.806,48.224,47.52,47.83,46.689,46.398,46.75,47.412,48.3,48.441,48.833,48.843,49.224,49.082,49.087,49.197,49.274,48.979,48.69,50.284,51.316,51.576
Pre-demographic dividend,PRE,59.459494286394,59.4646751069802,59.3440441334253,59.3373036169187,59.435269126776,59.4083146050326,59.3356251924263,59.2970714200148,59.2931565244631,59.3189478702742,59.3329678575117,59.3204284586508,59.276128969663,59.2826956734761,59.2650941777734,59.1256145816586,59.0081916209664,58.732541481106,58.3952428500552,58.0852912596951,57.8062154034111,57.4228215576668,57.2103646197233,56.8986633274853,56.6955562433148,56.5536592353902,56.0937160735442,55.7897900309705,55.531618084131,54.9044395042914,55.2029101284167,54.9450362846492,55.067793437905
Puerto Rico,PRI,31.174,31.931,33.967,33.727,33.49,33.971,34.869,34.743,36.372,34.734,35.36,35.991,36.729,36.237,37.574,37.923,37.022,36.168,34.885,33.858,33.029,32.751,32.473,32.197,31.921,31.768,31.371,31.436,31.479,31.238,31.258,31.91,32.009
"Korea, Dem. People's Rep.",PRK,67.394,67.953,68.355,68.599,69.004,69.332,69.895,70.032,69.66,69.687,69.478,69.451,69.382,69.293,69.084,69.205,69.331,69.149,69.246,69.31,69.283,69.22,69.174,69.13,69.242,68.999,69.279,69.615,69.616,68.132,68.636,69.647,69.652
Portugal,PRT,49.789,49.316,49.393,49.488,49.427,49.285,49.35,51.872,52.297,52.703,53.442,54.065,54.771,54.294,55.295,55.542,55.961,55.827,55.657,55.874,54.616,54.681,54.137,53.81,53.742,53.504,54.06,54.483,54.781,53.598,53.827,54.687,55.291
Paraguay,PRY,51.919,51.809,52.229,52.723,53.462,53.391,53.755,53.469,52.967,52.329,51.948,51.725,51.521,56.889,55.671,51.016,54.039,53.775,55.143,53.057,54.477,59.883,57.692,54.406,54.845,56.482,56.833,59.423,60.257,57.109,59.849,58.985,59.504
West Bank and Gaza,PSE,12.361,12.347,12.335,12.327,12.324,12.31,12.321,12.355,12.406,12.466,10.09,10.112,12.554,12.911,12.824,13.543,15.065,14.751,14.613,14.064,15.644,16.183,15.834,16.567,17.99,17.416,17.638,17.638,18.347,16.401,17.507,18.89,57.33084431095655
Post-demographic dividend,PST,49.7842060067276,49.823075351104,49.7634612844483,50.1239121911779,50.2319755660162,50.5224486903368,50.8673714293532,50.9254790377384,51.1993646986682,51.4418582968542,51.474606076757,51.6573154334487,51.8196498091934,51.9530624308555,52.2856031769958,52.6227542600326,52.7843222128058,53.0380346392452,53.0696793083318,52.9378310402419,52.8761087340794,52.9921643940316,53.0711595503795,53.1885575565259,53.2131309957394,53.5088484459852,53.80343102375,54.0577461539637,54.4440040424751,53.6205882790005,53.9987891769834,54.7507551935464,55.1576886219131
French Polynesia,PYF,48.426,48.387,48.318,48.289,48.245,48.185,48.073,47.966,47.858,47.75,47.641,47.529,47.462,47.392,47.323,47.256,47.193,47.573,47.952,48.331,48.708,49.086,49.092,49.107,49.174,49.265,49.359,49.457,49.551,49.088,49.607,49.591,49.423
Qatar,QAT,47.672,47.305,47.61,47.668,47.845,47.836,46.146,45.556,45.584,45.428,46.038,46.307,46.986,46.6,47.411,48.304,49.487,49.185,49.02,50.74,52.446,52.943,53.337,54.752,56.265,56.934,57.592,58.381,59.074,59.791,61.094,63.746,64.127
Romania,ROU,60.596,60.889,60.831,60.694,60.495,57.433,59.68,58.604,58.681,58.208,57.109,51.304,49.098,48.732,46.904,47.874,47.499,46.845,46.667,46.216,46.117,46.272,46.031,46.226,45.298,44.503,45.952,45.713,45.643,45.428,41.114,42.363,42.366
Russian Federation,RUS,58.96,58.094,56.031,54.057,53.574,52.724,51.695,51.024,54.463,54.618,53.472,54.275,54.067,54.636,55.04,55.447,56.031,56.036,56.248,55.963,56.255,56.19,55.907,55.798,55.553,55.719,55.371,55.519,54.955,54.807,55.276,55.507,54.45
Rwanda,RWA,52.506,52.757,53.136,53.748,54.356,54.316,54.22,54.067,53.92,53.835,53.9,53.982,54.08,54.176,54.254,54.304,54.336,54.354,54.372,54.402,54.424,54.465,54.515,54.563,54.602,54.663,54.705,54.143,51.846,56.633,52.498,54.676,55.067
South Asia,SAS,26.2738402766979,26.2754050146441,26.4144631443599,26.5731466791963,26.6696650682741,27.0854880438526,27.5158577965438,27.9692667974734,28.281676101189,28.6416286434677,28.5827852339773,28.5280186739484,28.549075632029,28.5827364720264,28.6022918297746,28.4527018317979,28.3061284450198,28.1804685418742,28.1212438230958,28.059028171188,27.4720923776921,26.8941266167266,26.986884278353,27.0377117505224,27.1935884812065,27.1182247955752,27.271383334855,27.0371649113065,27.115419744608,26.6433787562982,27.4348585259024,28.112785015691,31.6353399572915
Sudan,SDN,24.5,25.353,26.246,27.175,28.128,29.112,29.058,29.002,28.935,28.859,28.779,28.701,28.627,28.562,28.508,28.465,28.43,28.402,28.382,28.304,28.229,28.37,28.443,28.526,28.585,28.636,28.705,28.767,28.794,28.532,28.842,28.666,27.874
Senegal,SEN,32.533,32.578,32.63,32.699,32.791,32.837,32.907,32.992,33.079,33.164,33.224,33.285,33.347,33.406,33.458,33.487,33.552,33.624,33.702,33.787,33.877,33.973,34.076,34.182,34.29,38.984,35.681,37.148,37.656,37.29,38.121,37.693,37.599
Singapore,SGP,45.537,46.311,47.265,48.225,49.324,50.201,50.992,50.861,51.8,52.282,52.683,51.727,52.484,52.976,54.157,55.582,54.27,56.771,56.459,57.857,58.652,59.46,59.726,60.955,62.275,62.285,61.708,61.584,62.414,62.444,64.165,63.589,61.634
Solomon Islands,SLB,81.784,81.286,81.251,81.01,80.684,80.81,81.066,81.193,81.407,82.43,83.066,83.4,83.237,83.068,82.958,82.881,82.822,82.696,82.735,82.478,82.295,82.379,82.288,82.398,82.484,82.347,82.232,82.184,82.266,81.506,81.8,82.427,82.729
Sierra Leone,SLE,64.653,64.61,64.587,64.583,64.586,64.561,64.573,64.604,64.629,64.626,64.628,64.643,64.665,65.918,65.0,64.07,63.13,62.179,61.219,60.25,59.273,58.289,57.297,56.3,55.081,53.857,52.628,51.396,51.508,51.018,51.034,51.46,51.513
El Salvador,SLV,40.573,41.418,43.297,44.752,42.995,41.768,41.75,45.463,45.593,45.342,45.11,44.893,46.24,44.481,45.22,45.934,46.113,46.057,45.984,45.903,45.447,46.361,47.318,45.976,45.004,45.712,45.037,44.786,45.825,43.202,45.076,45.889,46.069
Somalia,SOM,21.664,21.623,21.581,21.523,21.431,21.318,21.206,21.095,20.999,20.927,20.829,20.773,20.746,20.732,20.725,20.681,20.641,20.614,20.611,20.638,20.646,20.688,20.751,20.819,20.881,20.939,20.987,21.033,21.083,20.882,21.011,21.066,21.154
Serbia,SRB,48.809,48.648,48.453,48.081,47.673,47.222,46.81,46.58,46.84,46.526,46.199,45.887,45.596,45.189,44.85,44.594,45.19,44.653,43.004,41.648,41.492,41.847,42.941,43.634,43.312,45.324,46.161,46.529,46.945,46.456,49.907,51.271,50.934
South Sudan,SSD,69.378,69.38,69.409,69.421,69.379,69.356,69.338,69.318,69.303,69.302,69.282,69.295,69.331,69.372,69.405,69.423,69.44,69.463,69.503,69.571,69.595,69.635,69.69,69.759,69.841,69.9,69.962,70.028,70.098,69.432,70.026,70.103,70.328
Small states,SST,45.3251342027461,45.12109693353,45.1542086178556,45.2531803281713,45.2933413171028,45.3115543811341,45.4830730834942,45.4361754305907,45.578235484124,45.7137240784659,45.7108046412837,45.9526291753994,46.6176320844805,46.5911754470969,46.8984641843446,47.3620506065716,47.5485264045041,47.9500965664608,48.2407498899316,48.6494963624691,48.7386175978721,48.9365781396488,49.0165175713905,49.0860718070802,49.4109871163995,49.3679043561329,49.6079537250336,49.7892528211493,50.046656818931,48.9758019784927,49.4307164559303,50.327421590875,50.7769731268373
Sao Tome and Principe,STP,36.6,36.661,36.728,36.807,36.904,36.981,37.074,37.174,37.265,37.336,37.378,37.397,37.385,37.357,37.317,37.336,37.352,37.363,37.368,37.372,37.364,37.345,37.326,37.323,37.34,37.379,37.437,37.511,37.593,37.225,37.766,37.623,37.754
Suriname,SUR,33.798,33.581,32.585,32.687,32.477,32.552,32.629,32.709,32.792,33.457,34.13,34.811,35.499,36.211,36.942,37.677,38.417,39.16,39.908,40.661,41.419,42.177,42.934,43.691,44.448,45.207,45.324,45.874,45.932,43.108,44.234,44.319,44.682
Slovak Republic,SVK,59.71,57.434,55.122,51.357,51.485,52.271,51.734,51.314,51.794,52.506,52.916,52.477,52.904,52.549,51.303,50.714,50.593,51.014,50.311,50.818,50.162,50.685,51.044,51.926,51.974,52.572,52.7,52.316,52.304,51.924,55.079,56.131,56.289
Slovenia,SVN,51.251,51.263,51.241,51.218,51.208,51.205,52.388,53.4,51.453,51.437,51.751,51.184,50.06,52.488,52.915,53.283,53.373,53.596,53.652,53.293,52.356,52.259,51.607,52.251,51.912,51.998,53.786,53.742,53.235,53.197,54.068,54.194,53.847
Sweden,SWE,62.115,60.764,59.328,58.478,58.916,59.015,58.565,57.347,58.37,58.112,58.583,58.706,58.79,58.479,58.791,59.268,59.739,59.86,59.39,59.07,59.671,59.995,60.533,60.773,61.158,61.379,61.833,62.146,62.306,61.694,62.191,62.54,63.375
Eswatini,SWZ,44.663,44.723,44.791,44.91,45.065,45.156,45.31,45.499,45.681,45.854,45.979,46.071,46.141,46.207,46.278,46.353,46.423,46.475,46.508,46.537,46.569,46.625,46.69,46.744,46.778,46.906,46.989,47.053,47.135,46.682,47.209,47.187,47.38
Chad,TCD,64.503,64.454,64.422,63.829,63.223,62.613,62.003,61.388,60.769,60.146,59.519,58.888,58.252,57.612,56.971,56.329,55.686,55.039,54.39,53.738,53.086,52.431,51.776,51.12,50.464,49.807,49.148,48.49,48.549,48.086,48.088,48.431,48.572
Togo,TGO,54.458,54.485,54.53,54.584,54.642,54.768,54.891,55.011,55.132,55.252,55.279,55.311,55.344,55.372,55.39,55.378,55.369,55.363,55.364,55.375,55.385,55.41,55.45,55.505,55.574,55.648,55.735,55.834,55.946,55.414,55.896,56.019,56.137
Thailand,THA,65.485,65.367,65.268,65.193,66.119,67.045,67.549,65.914,64.687,65.026,65.183,65.181,65.178,65.272,66.293,65.101,65.94,65.755,64.666,63.68,65.914,65.299,62.09,61.528,61.103,60.183,59.397,59.661,59.018,59.206,59.253,59.811,59.183
Tajikistan,TJK,30.818,30.817,30.838,30.856,30.854,30.849,30.838,30.821,30.805,30.795,30.788,30.776,30.764,30.971,30.527,30.072,29.569,29.08,28.923,29.404,29.893,30.388,30.888,31.395,31.904,32.416,32.053,31.665,31.3,31.0,31.338,31.397,31.534
Turkmenistan,TKM,51.751,52.82,52.9,54.314,55.017,54.678,55.71,55.283,54.255,53.964,53.748,53.798,53.65,53.398,52.708,52.178,51.688,51.091,50.893,50.592,50.143,49.859,49.633,49.433,49.333,49.246,49.161,49.09,49.025,47.642,47.574,49.05,49.354
Timor-Leste,TLS,62.783,62.326,61.899,61.637,61.375,61.018,60.988,61.298,64.482,63.668,62.761,63.411,63.766,63.931,63.885,64.348,63.769,63.136,62.614,62.148,61.915,61.676,61.664,61.523,61.468,61.387,61.746,61.927,61.043,60.461,60.4,60.671,61.076
Tonga,TON,38.133,40.469,42.832,45.214,45.08,44.946,44.814,44.688,44.564,44.442,44.319,44.193,44.066,43.941,43.818,43.695,43.582,43.486,43.394,43.304,43.218,43.121,43.014,42.91,42.811,42.712,42.609,42.507,42.54,42.151,42.22,42.584,42.835
South Asia (IDA & IBRD),TSA,26.2738402766979,26.2754050146441,26.4144631443599,26.5731466791963,26.6696650682741,27.0854880438526,27.5158577965438,27.9692667974734,28.281676101189,28.6416286434677,28.5827852339773,28.5280186739484,28.549075632029,28.5827364720264,28.6022918297746,28.4527018317979,28.3061284450198,28.1804685418742,28.1212438230958,28.059028171188,27.4720923776921,26.8941266167266,26.986884278353,27.0377117505224,27.1935884812065,27.1182247955752,27.271383334855,27.0371649113065,27.115419744608,26.6433787562982,27.4348585259024,28.112785015691,31.6353399572915
Trinidad and Tobago,TTO,42.608,43.761,43.759,44.498,45.206,47.033,47.112,47.192,46.834,47.27,46.845,47.608,49.089,50.986,52.491,53.303,51.919,52.679,51.254,49.772,48.546,50.951,50.592,51.389,49.549,49.769,49.188,48.573,47.985,46.722,46.35,45.608,45.874
Tunisia,TUN,22.347,22.528,22.751,22.987,23.248,23.516,23.787,23.763,23.742,23.722,23.703,23.687,23.674,23.665,23.655,24.445,24.538,24.806,24.856,24.896,24.922,25.838,25.59,25.834,26.081,26.633,26.521,26.508,26.5,25.243,25.663,26.349,26.851
Turkiye,TUR,34.005,32.601,26.657,31.153,30.809,30.463,28.718,29.179,29.911,26.489,27.073,27.857,26.527,23.112,23.081,22.877,22.955,23.839,25.344,26.938,28.24,28.903,30.171,30.135,31.301,32.318,33.456,34.037,34.215,30.767,32.762,35.049,35.347
Tanzania,TZA,84.259,84.264,84.273,84.285,84.304,84.307,84.318,84.334,84.351,84.365,84.37,84.954,85.521,86.072,86.605,87.123,86.366,85.576,84.755,83.899,83.008,82.08,81.115,80.111,79.558,79.011,78.464,77.922,77.386,76.089,76.125,76.831,77.139
Uganda,UGA,62.047,62.223,62.398,62.574,62.754,62.934,63.112,63.291,63.467,63.644,63.82,63.996,64.17,64.344,64.518,64.692,64.867,65.042,65.218,65.395,65.571,65.749,66.06,66.371,66.682,66.993,67.305,67.396,67.498,66.855,67.573,67.522,67.594
Ukraine,UKR,53.507,53.437,53.371,53.307,53.246,53.186,53.127,53.066,53.006,52.949,52.893,52.837,52.781,52.728,52.675,52.623,52.73,52.438,52.147,51.855,51.563,51.271,50.98,50.69,50.4,50.113,49.827,49.542,49.26,48.151,47.791,60.9049940654988,60.846160580963996
Upper middle income,UMC,60.0289788042744,59.9878213851034,59.720774039132,59.9046361036026,59.8725548003303,59.641699201201,59.5676747680459,59.5402838053004,59.3999190150667,59.2159031617795,58.798805383995,58.3677621711026,58.0538599313585,57.6838365234911,57.3409075695927,56.9323722227069,56.8680086397692,56.398891364909,56.0775536049115,55.4944726735236,55.4875888839988,55.4942539405363,55.1166207320854,54.8671548255301,54.933414698875,54.885422498161,54.8487821512566,54.7999532901563,54.8396639653782,52.8933974605646,54.0768449699762,54.2879881309976,54.098321161928
Uruguay,URY,43.441,44.447,43.434,45.014,46.275,47.087,48.185,49.278,48.456,49.012,51.262,49.643,49.357,49.144,49.92,51.68,53.526,54.486,55.2,54.94,56.883,56.522,55.368,56.929,56.324,56.368,56.082,55.974,56.24,54.42,56.125,55.691,55.841
United States,USA,55.834,56.266,56.407,57.369,57.607,57.922,58.518,58.532,58.717,58.857,58.681,58.486,58.351,58.082,58.195,58.302,58.225,58.434,58.174,57.604,57.053,56.799,56.364,56.215,56.002,56.135,56.406,56.497,56.885,55.7,55.588,55.977,56.511
Uzbekistan,UZB,44.702,46.356,46.898,47.822,48.232,48.37,48.113,47.957,47.743,47.617,47.427,47.238,46.997,46.383,45.791,45.133,44.324,43.623,43.077,42.731,42.384,41.985,41.589,41.237,40.872,40.615,40.464,40.24,39.998,39.481,39.651,39.939,39.92
St. Vincent and the Grenadines,VCT,44.074,44.698,45.578,45.627,46.623,46.969,47.562,48.207,48.677,48.994,49.372,50.196,51.142,51.73,52.176,53.043,53.455,53.683,53.514,53.193,53.178,53.358,53.579,53.708,53.811,54.054,54.207,54.467,54.52,52.563,53.654,54.638,55.059
"Venezuela, RB",VEN,48.866,49.262,48.936,48.341,48.278,48.544,48.517,48.832,48.027,47.743,48.422,47.8,46.51,47.423,49.449,50.007,49.715,49.719,49.991,49.588,49.635,49.479,49.069,48.66,48.253,47.85,46.346,45.237,42.101,38.561,38.92,37.82,39.298
Virgin Islands (U.S.),VIR,62.984,63.922,68.013,63.77,59.65,55.77,55.284,54.793,53.537,54.621,56.924,56.059,54.675,56.499,57.539,57.907,58.545,58.125,57.299,55.306,54.852,52.277,48.522,47.478,49.108,48.627,49.0,45.505,42.98,43.578,43.821,45.09,45.115
Viet Nam,VNM,74.633,74.226,73.856,73.442,72.992,72.557,70.767,70.258,70.388,68.801,69.546,69.036,68.485,67.606,68.591,69.561,70.515,71.005,71.496,71.578,71.576,71.766,72.655,72.69,72.491,71.957,71.468,70.478,70.516,67.912,68.245,68.569,68.483
Vanuatu,VUT,60.7,60.707,60.83,60.444,60.539,60.529,60.348,60.387,60.483,60.261,60.632,61.151,61.054,60.978,60.818,60.468,60.449,60.27,60.248,60.335,60.315,60.429,60.579,60.565,60.715,60.595,60.377,60.355,60.309,59.736,60.283,60.434,60.601
Samoa,WSM,42.709,42.776,42.631,42.831,42.551,42.257,42.266,42.198,42.13,41.866,41.622,41.49,41.36,41.236,41.134,41.106,40.951,40.953,41.136,41.155,41.063,41.237,41.299,41.342,41.245,41.044,41.044,41.134,41.062,40.683,40.98,41.342,41.404
"Yemen, Rep.",YEM,16.452,16.581,16.56,16.691,17.6,18.545,19.527,20.545,21.606,20.218,18.898,17.646,16.462,15.348,14.303,13.322,12.4,11.533,10.719,9.955,8.753,7.699,6.778,5.974,5.176,5.142,5.123,5.124,5.127,5.091,4.948,5.016,5.102
Zambia,ZMB,51.853,51.877,51.912,51.95,51.987,52.003,52.019,52.036,52.053,52.065,52.009,51.955,51.905,51.86,51.817,51.759,51.715,51.681,51.656,51.639,51.668,51.702,51.743,51.799,51.874,51.957,52.062,52.182,52.204,54.436,54.16,52.14,52.149
Zimbabwe,ZWE,59.796,59.888,60.018,60.156,60.279,60.357,60.422,60.484,60.558,60.651,60.7,60.752,60.803,60.843,60.866,60.905,60.915,60.908,60.886,60.852,60.825,60.786,60.736,60.693,60.663,60.636,60.646,60.683,60.73,59.848,60.147,60.072,60.393
