Country Code,Country Name,1997,1998,1999,2000,2001,2002,2003,2004,2005,2006,2007,2008,2009,2010,2011,2012,2013,2014,2015,2016,2017,2018,2019,2020,2021,2022,2023
AFG,Afghanistan,9.545,15.455,15.455,15.455,15.455,15.455,15.455,15.0,27.309,27.309,27.686,27.686,27.309,27.711,27.711,27.711,27.711,27.711,27.711,27.711,27.711,30.455,27.869,27.016,27.016,33.636,33.636
AGO,Angola,9.545,15.455,15.455,15.455,15.455,15.455,15.455,15.0,15.0,15.0,15.0,37.273,38.636,38.636,38.182,34.091,34.091,36.818,36.818,36.818,30.455,30.455,30.0,30.0,29.545,33.636,33.636
ALB,Albania,8.344,11.299,5.161,5.161,5.714,5.714,5.714,6.429,7.143,7.143,7.143,7.143,16.429,16.429,15.714,15.714,17.857,20.0,20.714,22.857,27.857,27.857,29.508,29.508,35.714,35.714,35.714
AND,Andorra,7.143,7.143,7.143,7.143,14.286,14.286,14.286,14.286,28.571,28.571,28.571,25.0,35.714,35.714,50.0,50.0,50.0,50.0,39.286,32.143,32.143,32.143,46.429,46.429,46.429,46.429,50.0
ARE,United Arab Emirates,17.3845,17.3845,4.33475,16.801,7.90625,22.512500000000003,22.512500000000003,24.005499999999998,32.379,5.0,22.5,22.5,22.5,22.5,17.5,17.5,17.5,17.5,22.5,22.5,22.5,22.5,50.0,50.0,50.0,50.0,50.0
ARG,Argentina,27.626,27.626,1.5265,26.459,1.5265,30.739,30.739,33.725,36.187,35.019,40.0,40.0,38.521,38.521,37.354,37.354,36.576,36.576,16.5935,35.798,38.132,38.911,40.157,40.856,44.747,44.747,43.191
ARM,Armenia,6.316,6.316,3.053,3.053,3.053,3.053,4.58,5.344,5.344,5.344,9.16,8.397,9.16,9.16,8.397,10.687,10.687,10.687,10.687,10.687,18.095,18.095,23.485,23.485,33.645,35.514,35.514
AUS,Australia,15.541,15.541,22.449,22.973,14.9145,25.333,25.333,24.667,24.667,24.667,26.667,26.667,27.333,24.667,24.667,24.667,26.0,26.0,26.667,28.667,28.667,28.667,30.464,30.464,31.126,38.411,38.411
AUT,Austria,26.23,26.23,17.2245,26.776,26.776,17.9085,33.88,33.88,33.88,32.24,32.787,27.322,27.869,27.869,27.869,27.869,33.333,32.24,30.601,30.601,34.426,34.426,39.344,39.344,40.437,40.984,40.984
AZE,Azerbaijan,12.0,12.0,12.0,20.5915,10.484,10.484,10.484,10.484,13.043,11.29,11.382,11.382,11.382,16.0,16.0,16.0,15.574,15.574,16.935,16.8,16.8,16.8,16.807,17.355,18.182,18.333,18.644
BDI,Burundi,12.3335,11.864,5.983,14.407,14.407,18.436,18.436,18.436,30.508,30.508,30.508,30.508,31.356,32.075,30.476,30.476,30.476,30.476,36.364,36.364,36.364,36.364,36.364,38.211,38.211,38.211,38.211
BEL,Belgium,12.667,12.667,23.333,23.333,23.333,23.333,35.333,34.667,34.667,34.667,35.333,35.333,38.0,39.333,38.0,38.0,38.0,39.333,39.333,39.333,38.0,38.0,42.0,41.333,42.0,42.667,42.667
BEN,Benin,7.229,7.229,6.024,6.024,6.024,6.024,6.024,7.229,7.229,7.229,10.843,10.843,10.843,10.843,8.434,8.434,8.434,8.434,7.229,7.229,7.229,7.229,7.229,7.229,8.434,7.407,26.606
BFA,Burkina Faso,9.009,8.108,8.108,8.108,8.108,11.712,11.712,11.712,11.712,11.712,15.315,15.315,15.315,15.315,15.315,15.748,15.748,14.131,9.449,9.449,11.024,11.024,13.386,6.299,6.299,16.901,16.901
BGD,Bangladesh,9.091,9.091,9.091,9.091,17.179000000000002,2.0,2.0,2.0,14.783,15.072,18.491,6.333,18.551,18.551,19.714,19.714,19.714,19.828,20.0,20.0,20.286,20.286,20.63,20.917,20.857,20.857,20.857
BGR,Bulgaria,10.833,10.833,10.833,10.833,26.25,26.25,26.25,26.25,22.083,22.083,21.667,21.667,20.833,20.833,20.833,22.917,24.583,20.0,20.417,20.417,23.75,23.75,25.833,26.667,23.75,24.167,24.167
BHR,Bahrain,12.9165,12.9165,12.9165,12.9165,20.625,22.26475,23.125,23.125,21.0415,2.5,2.5,2.5,2.5,2.5,10.0,10.0,10.0,7.5,7.5,7.5,7.5,15.0,15.0,15.0,15.0,20.0,20.0
BHS,"Bahamas, The",15.0,15.0,15.0,15.0,15.0,18.2795,20.0,20.0,20.0,20.0,12.195,12.195,12.195,12.195,12.195,13.158,13.158,13.158,13.158,13.158,12.821,12.821,12.821,12.821,17.949,17.949,17.949
BIH,Bosnia and Herzegovina,11.149333333333333,11.149333333333333,12.299,12.299,7.143,14.29425,16.667,16.667,16.667,14.286,11.905,11.905,19.048,16.667,21.429,21.429,21.429,21.429,21.429,21.429,21.429,21.429,21.429,26.19,26.19,16.667,19.048
BLR,Belarus,7.298666666666667,7.298666666666667,9.597999999999999,9.597999999999999,10.309,10.309,10.309,29.358,29.091,29.091,29.091,31.818,31.818,31.818,31.818,26.606,26.606,26.606,27.273,34.545,34.545,34.545,40.0,40.0,40.0,40.0,40.0
BLZ,Belize,3.448,3.448,6.897,6.897,6.897,6.897,3.333,6.667,6.667,6.667,3.333,24.3705,27.063000000000002,28.6015,28.6015,3.125,3.125,3.125,3.125,3.125,9.375,9.375,9.375,9.677,12.5,12.5,15.625
BOL,Bolivia,5.038,5.038,11.538,11.538,11.538,18.462,18.462,19.231,16.923,16.923,16.923,16.923,22.308,25.385,25.385,25.385,25.385,53.077,53.077,53.077,53.077,53.077,53.077,46.154,46.154,46.154,46.154
BRA,Brazil,6.628,6.628,5.653,5.653,6.823,6.238,8.577,8.577,8.577,8.772,8.967,8.967,8.772,8.577,8.577,8.577,8.577,9.942,9.942,9.942,10.721,15.01,15.01,14.62,15.205,17.739,17.544
BRB,Barbados,10.714,10.714,10.714,10.714,10.714,10.714,13.333,13.333,13.333,13.333,13.333,10.0,10.0,10.0,10.0,10.0,16.667,16.667,16.667,16.667,16.667,20.0,20.0,20.0,20.0,26.667,26.667
BRN,Brunei Darussalam,6.357,6.357,6.357,10.0235,10.0235,10.0235,11.333,11.272,11.333,8.0,8.0,9.2555,9.2555,9.2555,9.2555,9.2555,11.525,12.589,12.589,6.452,9.091,9.091,9.091,9.091,9.091,9.091,11.765
BTN,Bhutan,2.0,2.0,2.0,9.333,9.333,9.333,9.333,9.211,9.333,2.667,2.667,8.511,8.511,8.511,8.511,8.511,6.383,8.511,8.511,8.511,8.511,14.894,14.894,14.894,17.021,17.391,17.391
BWA,Botswana,8.511,8.511,4.6695,17.021,17.021,17.021,17.021,11.111,11.111,11.111,11.111,11.111,7.937,7.937,7.937,7.937,7.937,9.524,9.524,9.524,9.524,9.524,10.769,10.769,10.769,11.111,11.111
CAF,Central African Republic,3.529,3.529,7.339,7.339,7.339,7.339,18.8095,16.1075,10.476,10.476,10.476,10.476,9.615,9.615,12.5,12.5,16.306,17.3025,17.78,7.194,8.571,8.571,8.571,8.571,12.857,12.857,12.857
CAN,Canada,20.598,20.598,20.598,15.1695,20.598,20.598,20.598,21.104,21.104,20.779,21.311,22.078,22.078,22.078,24.756,24.675,24.675,25.081,26.036,26.036,26.269,26.946,28.994,28.994,30.473,30.473,30.655
CHE,Switzerland,21.0,21.0,22.5,23.0,23.0,23.0,25.0,25.0,25.0,25.0,28.5,28.5,29.0,29.0,28.5,29.0,31.0,31.0,32.0,32.0,32.5,32.5,41.5,41.5,42.5,41.5,38.5
CHL,Chile,7.5,10.833,10.833,10.833,10.833,12.5,12.5,12.5,15.0,15.0,15.0,15.0,14.167,14.167,14.167,14.167,15.833,15.833,15.833,15.833,28.374000000000002,22.581,22.581,22.581,35.484,35.484,35.484
CHN,China,7.75,21.819,21.819,21.783,21.783,21.783,20.235,20.235,20.268,20.268,20.621,21.326,21.326,21.326,21.323,21.323,23.401,23.401,23.623,23.623,24.248,24.899,24.941,24.941,24.941,24.941,26.537
CIV,Cote d'Ivoire,8.0,8.0,8.0,13.669500000000001,8.52,8.52,8.52,8.52,8.52,8.52,8.867,8.867,8.867,8.867,11.024,10.442,10.442,9.449,9.163,9.163,10.588,10.588,10.98,11.373,14.173,14.173,13.725
CMR,Cameroon,5.556,5.556,5.556,5.556,5.556,8.889,8.889,8.889,8.889,8.889,13.889,13.889,13.889,13.889,13.889,13.889,31.111,31.111,31.111,31.111,31.111,31.111,31.111,33.889,33.889,33.889,33.889
COD,"Congo, Dem. Rep.",7.589333333333334,8.778,8.778,8.778,8.778,9.942,8.707999999999998,12.0,12.0,8.4,8.4,8.4,8.4,8.4,10.594,8.943,8.943,10.643,8.943,8.943,8.943,8.943,10.0,12.8,12.8,12.8,12.8
COG,"Congo, Rep.",9.622666666666667,12.0,12.0,12.0,12.0,10.995,8.527,8.527,8.527,8.527,7.299,7.299,7.299,7.299,7.299,7.353,7.353,7.353,7.353,7.353,11.258,11.258,11.258,11.258,11.258,14.57,14.57
COL,Colombia,11.656,6.0,11.801,11.801,11.801,12.048,12.048,12.048,12.121,8.434,8.434,8.434,8.434,12.651,12.121,12.121,12.121,19.88,19.88,19.88,18.675,18.129,18.713,18.343,18.824,28.877,28.877
COM,Comoros,11.383500000000002,8.5555,11.456,11.456,11.456,11.5795,11.5795,3.03,3.03,3.03,3.03,3.03,13.245000000000001,3.03,3.03,3.03,3.03,3.03,3.03,3.03,6.061,6.061,6.061,16.667,16.667,16.667,16.667
CPV,Cabo Verde,11.111,11.111,11.111,11.111,11.111,11.111,11.111,11.111,11.111,15.278,18.056,18.056,18.056,18.056,20.833,20.833,20.833,20.833,20.833,23.611,23.611,23.611,23.611,25.0,38.889,38.889,41.667
CRI,Costa Rica,15.789,19.298,19.298,19.298,19.298,35.088,35.088,35.088,35.088,38.596,36.842,36.842,36.842,38.596,38.596,38.596,38.596,33.333,33.333,33.333,35.088,45.614,45.614,45.614,45.614,47.368,47.368
CUB,Cuba,22.75,27.621,27.621,27.621,27.621,27.621,35.961,35.961,35.961,35.961,35.961,43.16,43.16,43.16,45.222,45.222,48.856,48.856,48.856,48.856,48.856,53.223,53.223,53.223,53.413,53.413,55.745
CYP,Cyprus,5.357,5.357,5.357,7.143,10.714,10.714,10.714,16.071,16.071,14.286,14.286,14.286,12.5,12.5,10.714,10.714,10.714,12.5,12.5,17.857,17.857,17.857,17.857,19.643,14.286,14.286,14.286
CZE,Czechia,15.0,15.0,15.0,15.0,15.0,17.0,17.0,17.0,17.0,15.5,15.5,15.5,15.5,22.0,22.0,22.0,19.5,19.5,20.0,20.0,22.0,22.0,22.5,22.5,25.0,25.5,26.0
DEU,Germany,26.19,26.19,30.942,30.942,31.081,32.172,32.172,32.75,31.759,31.596,31.648,32.19,32.797,32.797,32.903,32.903,36.45,36.45,36.45,36.45,30.748,30.748,30.889,31.171,34.918,34.918,35.19
DJI,Djibouti,17.7825,17.7825,20.1585,24.8285,24.9155,25.461,10.769,10.769,10.769,10.769,13.846,13.846,13.846,13.846,13.846,13.846,12.727,12.727,12.727,12.727,10.769,26.154,26.154,26.154,26.154,26.154,26.154
DMA,Dominica,9.375,9.375,9.375,18.715,18.75,18.75,18.75,19.355,12.903,12.903,16.129,18.75,14.286,12.5,12.5,12.5,12.5,12.903,21.875,21.875,25.0,25.0,25.0,34.375,34.375,34.375,37.5
DNK,Denmark,32.961,37.43,37.43,37.43,17.4285,37.989,37.989,37.989,36.872,36.872,37.989,37.989,37.989,37.989,39.106,39.106,39.106,39.106,37.43,37.43,37.43,37.43,39.106,39.665,39.665,43.575,43.575
DOM,Dominican Republic,11.667,16.107,16.107,16.107,16.107,17.333,17.333,17.333,17.333,19.663,19.663,19.663,19.663,20.765,20.765,20.765,20.765,20.765,20.765,26.842,26.842,26.842,26.842,27.895,27.895,27.895,27.895
DZA,Algeria,3.158,3.158,3.158,3.421,3.421,6.17,6.17,6.17,6.17,6.17,7.712,7.712,7.712,7.712,7.969,31.602,31.602,31.602,31.602,31.602,25.758,25.758,25.758,25.758,8.108,8.108,7.862
ECU,Ecuador,3.659,17.355,17.355,14.634,14.634,4.2965,16.0,16.0,16.0,25.0,25.0,25.0,32.258,32.258,32.258,32.258,38.686,41.606,41.606,41.606,37.956,37.956,37.956,39.416,39.416,38.686,43.066
EGY,"Egypt, Arab Rep.",1.982,1.982,1.982,1.982,2.423,2.423,2.423,2.863,1.982,2.036,1.81,1.81,1.762,12.695,1.969,1.969,30.343,31.803,31.803,14.933,14.933,14.933,14.933,27.411,27.703,27.58,27.534
ERI,Eritrea,20.952,20.952,14.667,14.667,14.667,22.0,22.0,22.0,22.0,22.0,22.0,22.0,22.0,22.0,22.0,22.0,22.0,22.0,22.0,22.0,22.0,22.0,22.0,35.7055,35.566,35.28,35.91
ESP,Spain,24.713,24.713,21.552,28.286,28.286,28.286,28.286,36.0,36.0,36.0,36.571,36.286,36.571,36.571,36.0,36.0,36.0,39.714,41.143,39.143,39.143,39.143,44.0,44.0,43.429,42.98,44.286
EST,Estonia,10.891,10.891,17.822,17.822,17.822,17.822,18.812,18.812,18.812,18.812,20.792,20.792,22.772,22.772,19.802,20.792,20.792,19.0,23.762,23.762,26.733,26.733,29.703,28.713,25.743,25.743,28.713
ETH,Ethiopia,2.048,2.048,2.026,7.692,7.678,7.678,7.678,7.678,21.429,21.928,21.928,21.928,21.928,27.788,27.788,27.788,27.788,27.788,38.757,38.757,38.757,38.757,38.757,38.757,42.588,41.489,41.314
FIN,Finland,33.5,33.5,37.0,36.5,36.5,36.5,37.5,37.5,37.5,38.0,41.5,41.5,40.0,40.0,42.5,42.5,42.5,42.5,41.5,41.5,42.0,42.0,47.0,46.0,46.0,45.5,46.0
FJI,Fiji,4.286,4.286,11.268,23.7095,5.714,5.714,5.714,8.451,8.451,25.0975,29.849,29.849,29.4455,29.4455,30.6955,34.6815,34.6815,14.0,16.0,16.0,16.0,19.608,19.608,19.608,21.569,19.608,10.909
FRA,France,10.919,10.919,10.919,10.919,10.919,12.132,12.195,12.195,12.195,12.195,18.198,18.198,18.891,18.891,18.891,26.863,26.863,26.17,26.17,26.17,38.995,39.583,39.688,39.515,39.515,37.262,37.782
FSM,"Micronesia, Fed. Sts.",9.626000000000001,9.626000000000001,9.626000000000001,10.043,10.043,10.687999999999999,10.7195,10.7195,10.7195,12.3475,17.4325,17.4325,16.773,16.773,16.529,21.326,21.326,20.585,20.1685,20.1685,28.0445,27.83,28.799,27.152,7.143,7.143,14.286
GAB,Gabon,8.333,8.333,8.333,9.167,9.167,9.244,9.244,9.244,9.244,12.5,16.667,16.667,14.655,14.655,14.167,15.789,15.789,15.0,14.167,14.167,17.094,16.077,17.91,14.789,16.197,15.385,24.49
GBR,United Kingdom,18.209,18.209,18.361,18.361,17.906,17.906,17.906,18.058,19.659,19.659,19.505,19.505,19.505,22.0,22.308,22.462,22.462,22.615,29.385,29.584,32.0,32.154,32.0,33.846,34.259,34.568,34.615
GEO,Georgia,6.926,6.926,13.6805,7.234,7.234,7.234,7.234,9.362,9.362,9.362,9.362,6.0,5.109,6.522,6.569,12.0,12.0,12.0,11.333,16.0,16.0,16.0,14.765,20.667,19.333,19.048,18.44
GHA,Ghana,9.0,9.0,9.0,8.003,9.0,9.0,9.0,10.87,10.87,10.87,10.87,7.895,8.261,8.261,8.261,10.515666666666666,10.909,10.909,10.909,10.909,12.727,12.727,13.091,13.091,14.545,14.545,14.545
GIN,Guinea,7.018,8.772,8.772,8.772,8.772,7.33,19.298,19.298,19.298,19.298,19.298,8.6645,7.904,7.904,7.904,9.031333333333333,9.228,21.93,21.93,21.93,21.93,21.93,22.807,16.667,11.583,29.63,29.63
GMB,"Gambia, The",2.041,2.041,2.041,2.041,2.041,5.66,13.208,13.208,13.208,13.208,9.434,9.434,7.547,7.547,7.547,7.547,7.547,9.434,9.434,9.434,10.345,10.345,10.345,8.621,8.621,8.621,8.621
GNB,Guinea-Bissau,10.0,10.0,3.5205,7.843,7.843,7.843,9.104,14.0,14.0,14.0,14.0,10.0,10.0,10.0,10.0,14.0,14.0,13.725,13.725,13.725,13.725,13.725,13.725,13.725,13.725,13.725,9.804
GNQ,Equatorial Guinea,8.75,8.75,5.0,5.0,5.0,5.0,5.0,18.0,18.0,18.0,18.0,6.0,10.0,10.0,10.0,10.0,12.121,24.0,24.0,24.0,16.029,20.0,21.0,21.0,23.0,31.0,31.0
GRC,Greece,6.333,6.333,6.333,8.667,8.667,8.667,8.667,14.0,13.0,13.0,14.667,14.667,17.333,17.333,18.667,21.0,21.0,21.0,19.667,19.667,18.333,18.667,20.667,21.667,21.667,21.0,23.0
GRD,Grenada,20.0,20.0,6.7065,26.667,26.667,26.667,26.667,26.667,26.667,26.667,26.667,13.333,13.333,13.333,13.333,13.333,33.333,33.333,33.333,33.333,33.333,46.667,46.667,46.667,46.667,31.25,31.25
GTM,Guatemala,12.5,12.5,7.08,8.85,8.85,8.85,8.228,8.228,8.228,8.228,12.025,12.025,12.025,12.025,13.291,13.291,13.291,13.291,13.924,13.924,12.658,12.658,19.375,19.375,19.375,19.375,20.0
GUY,Guyana,10.958,10.9375,18.462,18.462,18.462,20.0,20.0,30.769,30.769,28.986,28.986,30.0,30.0,30.0,31.343,31.343,31.343,31.343,30.435,30.435,31.884,31.884,31.884,35.714,35.714,35.385,36.62
HND,Honduras,9.416,9.375,9.375,9.375,9.375,5.469,5.469,5.469,23.438,23.438,23.438,23.438,17.969,17.969,19.531,19.531,27.592,25.781,25.781,25.781,25.2135,21.094,21.094,21.094,27.344,27.344,27.344
HRV,Croatia,7.874,7.874,7.874,20.53,20.53,20.53,4.5415,21.711,21.711,21.711,20.915,20.915,23.529,23.529,23.841,23.841,23.841,23.841,15.232,12.583,18.543,18.543,20.53,31.126,31.126,31.788,31.788
HTI,Haiti,3.614,3.614,3.614,14.41,3.614,3.614,3.614,3.614,3.614,2.041,4.082,4.082,4.082,11.111,4.211,4.211,4.211,4.211,4.211,11.342,2.542,2.542,2.542,21.593,22.0955,22.929000000000002,22.929000000000002
HUN,Hungary,11.399,8.29,8.29,8.29,8.29,9.067,9.845,9.091,9.091,10.363,11.14,11.14,11.14,9.067,8.808,8.808,8.808,10.05,10.101,10.101,10.05,12.563,12.563,12.06,13.065,14.07,14.07
IDN,Indonesia,11.4,11.4,8.364999999999998,8.0,8.0,8.0,8.0,11.273,11.273,11.273,11.636,11.636,17.857,18.036,18.214,18.571,18.571,16.937,17.117,17.117,19.821,19.821,17.391,20.348,21.043,21.913,21.565
IND,India,7.156,8.103,8.44,9.007,8.84,8.84,8.84,8.257,8.287,8.257,9.057,9.057,10.826,10.826,11.009,11.009,11.009,11.418,11.971,11.971,11.808,11.808,14.391,14.365,14.444,14.945,15.242
IRL,Ireland,12.048,12.048,12.048,12.048,12.048,13.253,13.253,13.253,13.253,13.253,13.253,13.253,13.939,13.939,15.06,15.06,15.663,15.663,16.265,22.152,22.152,22.152,22.152,22.5,22.5,23.125,23.125
IRN,"Iran, Islamic Rep.",4.887,4.887,4.887,3.448,3.448,4.138,4.138,4.138,4.138,4.138,4.138,2.797,2.759,2.759,2.759,3.103,3.103,3.103,3.103,5.882,5.882,5.882,5.882,5.594,5.594,5.594,5.594
IRQ,Iraq,6.4,6.4,6.4,7.6,7.6,7.6,17.1485,17.1485,18.735500000000002,25.455,25.455,25.455,25.455,25.231,25.231,25.231,25.231,25.305,26.524,26.524,25.305,25.228,25.228,26.444,28.875,28.875,29.052
ISL,Iceland,25.397,25.397,34.921,34.921,34.921,34.921,30.159,30.159,33.333,33.333,33.333,33.333,42.857,42.857,39.683,39.683,39.683,39.683,41.27,47.619,38.095,38.095,38.095,38.095,47.619,47.619,47.619
ISR,Israel,7.5,7.5,11.667,12.5,13.333,14.167,15.0,15.0,15.0,14.167,14.167,14.167,18.333,19.167,20.0,20.0,22.5,22.5,26.667,26.667,27.5,27.5,23.333,27.5,28.333,23.333,24.167
ITA,Italy,11.111,11.111,11.111,11.111,9.841,9.841,11.489,11.526,11.526,17.302,17.302,21.27,21.27,21.27,21.587,21.429,31.429,31.429,30.952,30.952,30.952,35.714,35.714,35.714,35.714,32.25,32.25
JAM,Jamaica,11.667,13.559,13.333,13.333,13.333,5.5455,11.667,11.667,11.667,11.667,13.333,13.333,13.333,13.333,12.698,12.698,12.698,12.698,12.698,17.46,17.46,17.46,17.46,28.571,28.571,28.571,28.571
JOR,Jordan,8.1335,9.0795,8.9665,10.3125,1.25,1.25,5.455,5.455,5.455,5.455,6.364,6.364,6.364,10.833,10.833,10.833,12.162,12.0,12.0,15.385,15.385,15.385,15.385,11.538,11.538,12.308,12.308
JPN,Japan,4.6,4.6,4.6,7.292,7.292,7.292,7.083,7.083,8.958,9.375,9.375,9.375,11.25,11.25,10.833,7.917,8.125,8.125,9.474,9.474,10.108,10.108,10.108,9.892,9.677,9.914,10.345
KAZ,Kazakhstan,13.433,13.433,10.811,10.39,10.39,10.39,10.39,10.39,10.39,10.39,15.888,15.888,17.757,17.757,17.757,24.299,24.299,25.217,26.168,27.103,27.103,27.103,27.103,27.103,27.103,27.358,18.367
KEN,Kenya,2.97,3.604,3.571,3.571,3.571,3.571,7.143,7.143,7.143,7.306,7.246,9.821,9.821,9.821,9.821,9.821,18.571,19.143,19.714,19.714,21.777,21.777,21.777,21.777,21.614,23.429,23.276
KGZ,Kyrgyz Republic,1.429,1.429,1.429,2.326,10.0,10.0,10.0,10.0,8.4495,8.531,25.556,25.556,25.556,23.333,23.333,23.333,23.333,23.333,19.167,19.167,19.167,19.167,19.167,16.522,20.455,20.455,20.0
KHM,Cambodia,5.833,5.833,8.197,7.377,7.377,7.377,9.756,9.756,9.756,9.756,19.512,16.26,21.138,21.138,20.325,20.325,20.325,20.325,20.325,20.325,20.325,20.0,20.0,20.0,21.6,20.8,13.6
KIR,Kiribati,9.583,9.583,4.878,4.878,4.762,4.762,11.5445,4.762,4.762,7.143,4.348,4.348,4.348,4.348,8.696,8.696,8.696,8.696,8.696,6.522,6.522,6.522,6.522,8.889,6.667,6.667,6.667
KNA,St. Kitts and Nevis,13.333,13.333,13.333,13.333,13.333,13.333,13.333,8.9025,9.07,10.2605,6.667,6.667,6.667,6.667,6.667,6.667,6.667,6.667,13.333,13.333,13.333,13.333,13.333,25.0,25.0,31.25,31.25
KOR,"Korea, Rep.",3.01,3.679,3.679,5.861,5.861,5.861,5.861,13.043,13.378,13.378,14.381,13.712,14.716,14.716,14.716,15.667,15.667,16.333,16.333,17.0,17.0,17.0,16.667,19.0,19.0,18.644,19.064
KWT,Kuwait,2.0909999999999997,12.445500000000001,12.445500000000001,13.5365,13.5365,14.398499999999999,14.398499999999999,17.9895,1.538,1.538,1.538,3.077,7.692,7.692,7.692,6.154,6.154,1.538,1.538,2.0,3.077,3.077,4.615,6.349,1.538,6.25,3.077
LAO,Lao PDR,1.172,21.212,21.212,21.212,21.212,22.936,22.936,22.936,22.936,25.217,25.217,25.217,25.217,25.217,25.0,25.0,25.0,25.0,25.0,27.517,27.517,27.517,27.517,27.517,21.951,21.951,21.951
LBN,Lebanon,2.344,2.344,2.344,2.344,2.344,2.344,2.344,2.344,4.688,4.688,4.688,4.688,3.125,3.125,3.125,3.125,3.125,3.125,3.125,3.125,3.125,4.688,4.688,4.688,4.688,6.25,6.25
LBR,Liberia,5.484333333333334,5.484333333333334,5.266333333333334,7.812,7.812,7.812,7.812,5.263,12.5,12.5,12.5,12.5,12.5,12.5,9.589,10.959,10.959,10.959,10.959,10.959,9.859,12.329,12.329,12.329,10.959,10.959,10.959
LBY,Libya,8.624666666666668,8.624666666666668,8.188666666666668,9.461500000000001,9.208,9.461500000000001,9.461500000000001,8.187000000000001,4.737,7.692,7.692,7.692,7.692,7.692,13.128,16.5,16.5,15.957,15.957,15.957,15.957,15.957,15.957,15.957,15.957,16.471,16.471
LCA,St. Lucia,11.765,11.765,11.111,11.111,10.604,11.111,11.111,11.111,11.111,15.846,11.111,11.111,11.111,11.111,16.667,16.667,16.667,16.667,16.667,16.667,16.667,16.667,16.667,16.667,11.111,11.111,11.111
LIE,Liechtenstein,4.0,4.0,4.0,4.0,12.0,12.0,12.0,12.0,24.0,24.0,24.0,24.0,24.0,24.0,24.0,24.0,20.0,20.0,20.0,20.0,12.0,12.0,12.0,12.0,28.0,28.0,28.0
LKA,Sri Lanka,5.333,5.333,4.889,3.8985000000000003,7.8985,4.444,4.444,4.889,4.889,4.889,5.778,5.778,5.778,5.333,5.778,5.778,5.778,5.778,4.889,5.778,5.778,5.778,5.333,5.381,5.381,5.333,5.333
LSO,Lesotho,4.615,3.75,3.797,3.797,3.797,7.541,11.667,11.667,11.667,11.667,23.529,25.0,24.167,24.167,24.167,26.667,26.667,26.667,25.0,25.0,22.131,22.131,23.333,23.333,23.333,26.446,26.446
LTU,Lithuania,17.518,17.518,17.518,10.638,10.638,10.638,10.638,21.986,21.986,24.823,22.695,17.73,19.149,19.149,19.149,24.46,24.113,24.113,23.404,21.277,21.277,21.277,21.277,26.95,27.66,28.369,28.369
LUX,Luxembourg,20.0,20.0,16.667,16.667,16.667,16.667,16.667,23.333,23.333,23.333,23.333,23.333,20.0,20.0,25.0,21.667,28.333,28.333,28.333,28.333,28.333,20.0,25.0,30.0,35.0,33.333,33.333
LVA,Latvia,9.0,9.0,17.0,17.0,17.0,18.0,21.0,21.0,21.0,19.0,20.0,20.0,22.0,20.0,23.0,23.0,23.0,18.0,18.0,18.0,16.0,31.0,30.0,30.0,29.0,30.0,32.0
MAR,Morocco,0.615,0.615,0.615,0.615,0.615,10.769,10.769,10.769,10.769,10.769,10.462,10.462,10.462,10.462,16.962,16.962,16.962,16.962,16.962,20.506,20.506,20.506,20.506,20.506,22.785,24.051,24.304
MCO,Monaco,5.556,22.222,22.222,22.222,22.222,22.222,20.833,20.833,20.833,20.833,20.833,25.0,26.087,26.087,19.048,19.048,20.833,20.833,20.833,20.833,20.833,33.333,33.333,33.333,33.333,33.333,45.833
MDA,Moldova,4.808,16.898,8.911,7.921,12.871,12.871,12.871,15.842,21.782,21.782,21.782,21.782,23.762,18.812,19.802,19.802,19.802,17.822,21.782,21.782,22.772,22.772,25.743,24.752,39.604,40.594,38.614
MDG,Madagascar,3.731,11.574,8.0,8.0,8.0,9.435500000000001,3.75,6.875,6.875,6.875,7.874,7.874,15.128,12.5,12.5,17.486,17.486,20.53,20.53,20.53,19.205,19.205,15.894,17.881,17.881,18.543,18.543
MDV,Maldives,6.25,6.25,13.1,6.0,6.0,6.0,6.0,6.0,12.0,12.0,12.0,12.0,6.494,6.494,6.494,6.494,6.494,5.882,5.882,5.882,5.882,5.882,4.598,4.598,4.598,4.598,4.598
MEX,Mexico,14.2,17.4,18.2,16.0,16.0,16.0,22.6,22.6,24.2,22.6,23.2,23.2,27.6,26.2,26.2,36.8,36.8,37.4,42.369,42.4,42.6,48.2,48.2,48.2,50.0,50.0,50.0
MHL,Marshall Islands,8.7665,10.366499999999998,12.85,3.03,3.03,3.03,3.03,3.03,3.03,3.03,3.03,3.03,3.03,3.03,3.03,3.03,3.03,3.03,9.091,9.091,9.091,9.091,6.061,6.061,6.061,6.061,12.121
MKD,North Macedonia,3.333,3.333,7.5,6.667,6.667,17.5,18.333,19.167,19.167,28.333,29.167,31.667,32.5,32.5,30.894,32.52,34.146,33.333,33.333,33.333,37.5,38.333,39.167,39.167,41.667,41.667,42.5
MLI,Mali,12.245,12.245,12.245,12.245,12.245,10.204,10.204,10.204,10.204,10.204,10.204,10.204,10.204,10.204,10.204,10.204,24.216,9.524,8.844,8.844,8.844,8.844,9.524,27.891,27.273,28.571,28.571
MLT,Malta,5.797,5.797,9.231,9.231,9.231,9.231,7.692,9.231,9.231,9.231,9.231,8.696,8.696,8.696,8.696,8.696,14.286,14.286,12.857,12.857,11.94,11.94,14.925,13.433,13.433,27.848,27.848
MMR,Myanmar,6.496333333333333,6.496333333333333,8.785666666666666,9.662666666666667,9.662666666666667,9.662666666666667,8.636666666666667,8.406333333333333,8.376333333333333,8.936499999999999,10.171,9.903500000000001,9.903500000000001,4.294,3.544,6.032,6.032,5.594,12.693,9.931,10.162,10.162,11.316,16.825,15.294,27.503999999999998,24.418
MNE,Montenegro,7.195666666666666,7.195666666666666,8.340333333333334,10.094333333333333,10.094333333333333,10.094333333333333,9.581333333333333,7.581666666666666,7.5216666666666665,8.642,11.111,11.111,11.111,11.111,12.346,17.284,16.049,17.284,17.284,23.457,23.457,23.457,28.395,22.222,24.691,27.16,20.988
MNG,Mongolia,7.895,7.895,7.895,10.526,10.526,10.526,10.526,6.757,6.667,6.579,6.579,4.167,3.947,3.947,3.947,14.865,14.865,14.865,14.474,17.105,17.105,17.105,17.333,17.333,17.105,17.105,17.105
MOZ,Mozambique,25.2,25.2,5.846,30.0,30.0,30.0,30.0,34.8,34.8,34.8,34.8,34.8,39.2,39.2,39.2,39.2,39.2,20.017500000000002,39.6,39.6,39.6,39.6,41.2,42.4,42.4,42.4,43.2
MRT,Mauritania,1.266,3.797,3.797,3.797,17.857,17.857,3.704,3.704,25.9715,17.895,22.105,22.105,22.105,22.105,22.105,22.105,29.020500000000002,25.17,25.17,25.17,25.17,20.261,20.261,20.261,20.261,20.261,23.295
MUS,Mauritius,7.576,7.576,7.576,5.714,5.714,5.714,5.714,5.714,17.143,17.143,17.143,17.143,17.143,18.841,18.841,18.841,18.841,18.841,11.594,11.594,11.594,11.594,20.0,20.0,20.0,20.0,20.0
MWI,Malawi,5.65,5.65,8.29,9.326,9.326,9.326,9.326,13.99,13.613,13.613,12.953,12.953,20.833,20.833,22.28,22.28,22.28,16.667,16.667,16.667,16.667,16.667,22.917,22.917,22.917,22.917,20.725
MYS,Malaysia,7.812,7.812,15.256,10.363,10.363,10.363,10.471,9.132,9.132,9.132,10.046,10.811,9.91,9.91,10.407,10.407,10.36,10.36,10.36,10.36,10.36,13.901,14.414,14.865,14.865,13.575,13.514
NAM,Namibia,22.222,22.222,22.222,25.0,25.0,25.0,26.389,25.0,26.923,26.923,26.923,26.923,26.923,24.359,24.359,24.359,24.359,11.817,41.346,41.346,41.346,46.154,42.708,43.269,44.231,44.231,44.231
NER,Niger,1.205,1.205,18.040333333333333,1.205,1.205,1.205,1.205,12.389,12.389,12.389,12.389,12.389,9.735,15.671000000000001,13.274,13.274,13.274,13.274,13.274,14.62,16.959,16.959,16.959,16.959,25.904,25.904,24.071
NGA,Nigeria,5.979,5.979,13.858666666666666,3.419,3.419,3.419,4.722,4.722,6.389,6.111,6.983,6.983,6.983,6.983,6.818,6.667,6.667,6.667,5.556,5.556,5.556,5.556,3.38,7.222,3.611,3.611,3.911
NIC,Nicaragua,10.753,10.753,9.677,9.677,19.709500000000002,20.652,20.652,20.652,20.652,15.217,18.478,18.478,20.652,20.652,40.217,40.217,40.217,42.391,41.304,45.652,45.652,45.652,44.565,47.253,50.549,51.648,51.648
NLD,Netherlands,31.333,36.0,36.0,36.0,36.0,34.0,36.667,36.667,36.667,36.667,39.333,41.333,42.0,40.667,40.667,38.667,38.667,38.667,37.333,37.333,36.0,36.0,31.333,33.333,39.333,40.667,40.0
NOR,Norway,36.364,36.364,36.364,36.364,35.758,36.364,36.364,38.182,37.87,37.87,36.095,36.095,39.645,39.645,39.645,39.645,39.645,39.645,39.645,39.645,41.42,41.42,40.828,41.42,44.97,44.97,46.154
NPL,Nepal,3.415,3.415,5.854,5.854,5.854,5.854,5.854,5.854,5.854,5.882,17.325,33.165,33.165,33.165,33.165,33.165,22.454,29.481,29.549,29.58,29.58,32.727,32.727,32.727,32.727,33.091,33.088
NRU,Nauru,16.291,16.291,17.5105,18.3435,18.3435,17.5105,17.0935,17.0935,19.0425,19.0565,25.191499999999998,33.385999999999996,33.385999999999996,33.385999999999996,32.698,32.698,5.263,5.263,5.263,5.263,10.526,10.526,10.526,10.526,10.526,10.526,10.526
NZL,New Zealand,29.167,29.167,29.167,30.833,30.833,29.167,28.333,28.333,32.231,32.231,33.058,33.607,33.607,33.607,32.231,32.231,32.231,29.752,31.405,31.405,38.333,38.333,40.833,48.333,49.167,50.42,44.262
OMN,Oman,15.7355,15.7355,24.5835,23.841666666666665,23.841666666666665,25.11,24.985,2.41,2.41,2.41,27.055500000000002,28.046,27.9145,27.9145,1.19,1.19,1.19,1.19,1.176,1.176,1.176,1.176,2.326,2.326,2.326,2.326,32.365
PAK,Pakistan,2.304,2.304,20.0,16.85033333333333,16.85033333333333,21.053,21.637,21.345,21.345,21.345,21.053,22.485,22.222,22.222,22.515,22.515,20.743,20.743,20.588,20.588,20.588,20.235,20.235,20.175,20.175,20.468,20.468
PAN,Panama,9.722,9.722,15.4165,9.859,9.859,9.859,9.859,16.667,16.667,16.667,16.667,16.667,8.451,8.451,8.451,8.451,8.451,19.298,18.31,18.31,18.31,18.31,21.127,22.535,22.535,22.535,22.535
PER,Peru,10.833,10.833,10.833,10.559999999999999,18.333,18.333,18.333,18.333,18.333,29.167,29.167,29.167,27.5,27.5,21.538,21.538,21.538,22.308,22.308,27.692,27.692,27.692,30.0,26.154,40.0,40.0,38.76
PHL,Philippines,11.06,12.442,12.442,11.261,17.757,17.757,17.757,15.254,15.254,15.254,20.502,20.502,20.974,22.143,22.887,22.887,27.336,27.336,27.241,29.795,29.452,29.452,27.961,27.961,27.961,27.331,27.331
PLW,Palau,6.4475,7.1385000000000005,7.1385000000000005,6.548,9.796000000000001,13.93275,9.337000000000002,8.0855,8.0855,8.0855,10.7095,10.7095,10.945500000000001,11.530000000000001,11.902000000000001,12.795,15.019499999999999,15.019499999999999,14.972,12.5,12.5,12.5,12.5,6.25,6.25,6.25,6.25
PNG,Papua New Guinea,1.835,1.835,1.835,1.835,1.835,10.1085,0.917,0.917,0.917,0.917,0.917,0.917,0.917,0.917,0.917,2.703,2.703,2.703,2.703,2.703,20.2715,20.2715,20.598,17.473,17.286,1.739,2.703
POL,Poland,13.043,13.043,13.043,13.043,20.217,20.217,20.217,20.217,20.435,20.435,20.435,20.217,20.0,20.0,23.696,23.696,23.696,24.348,27.391,27.391,28.043,28.043,28.696,28.696,28.322,28.261,29.348
PRK,"Korea, Dem. People's Rep.",20.087,20.087,20.087,20.087,20.087,20.087,19.673499999999997,20.087,20.087,20.087,20.087,20.087,15.575,15.575,15.575,15.575,15.575,16.303,16.303,16.303,16.303,16.303,17.613,17.613,17.613,17.613,17.613
PRT,Portugal,13.043,13.043,18.696,17.391,18.696,19.13,19.13,19.13,21.304,21.304,28.261,28.261,27.391,27.391,28.696,28.696,31.304,31.304,34.783,34.783,34.783,34.783,38.696,40.0,40.0,36.957,36.087
PRY,Paraguay,2.5,11.125,2.5,2.5,2.5,2.5,8.75,10.0,10.0,10.0,10.0,12.5,12.5,12.5,12.5,12.5,17.5,15.0,15.0,15.0,13.75,15.0,15.0,16.25,16.25,17.5,22.5
QAT,Qatar,4.8945,9.206999999999999,4.8945,4.236666666666666,6.6125,6.6125,9.7375,10.722999999999999,10.589,10.589,9.697,11.938500000000001,11.938500000000001,11.938500000000001,11.856,12.925,15.425,14.257,14.358,14.358,9.756,9.756,9.756,9.756,4.444,4.444,4.444
ROU,Romania,7.289,7.289,7.289,5.973333333333333,10.725,10.725,10.725,11.446,11.178,11.178,9.394,11.377,11.377,11.377,11.212,13.35,13.35,13.514,13.716,13.716,20.669,20.669,21.884,21.884,18.541,19.091,19.091
RUS,Russian Federation,10.222,10.222,12.216000000000001,7.71,7.572,7.572,7.572,9.843,9.843,9.843,14.0,14.0,14.0,14.0,13.556,13.556,13.556,13.556,13.556,12.667,15.778,15.778,15.778,15.778,16.222,16.222,16.444
RWA,Rwanda,17.143,17.143,17.143,25.714,25.676,25.676,48.75,48.75,48.75,48.75,48.75,56.25,56.25,56.25,56.25,56.25,63.75,63.75,63.75,63.75,61.25,61.25,61.25,61.25,61.25,61.25,61.25
SAU,Saudi Arabia,11.1965,11.1965,15.476333333333335,21.19033333333333,17.698999999999998,17.698999999999998,29.236,29.236,31.7085,33.263999999999996,33.4045,37.1545,37.5845,40.9055,40.413,40.413,19.868,19.868,19.868,19.868,19.868,19.868,19.868,19.868,19.868,19.868,19.868
SDN,Sudan,5.25,5.25,13.809666666666667,16.666666666666664,9.722,9.722,9.722,9.722,14.667,17.778,18.059,18.059,18.919,25.561,24.576,24.576,24.576,24.294,30.516,30.516,30.516,30.516,30.842999999999996,31.448999999999998,31.448999999999998,32.055,32.9645
SEN,Senegal,11.667,12.143,12.143,12.143,16.667,19.167,19.167,19.167,19.167,19.167,22.0,22.0,22.667,22.667,22.667,42.667,42.667,43.333,42.667,42.667,41.818,41.818,41.818,43.03,43.03,44.242,46.061
SGP,Singapore,4.762,4.762,4.301,4.301,11.765,11.765,15.957,15.957,15.957,21.176,24.468,24.468,23.404,23.404,22.222,24.242,24.242,25.253,23.913,23.762,23.0,23.0,23.0,29.474,29.808,29.126,29.126
SLB,Solomon Islands,8.333333333333334,2.041,2.041,2.041,10.2575,8.2635,15.2365,15.2365,15.2365,17.846,18.8455,18.8455,18.3135,18.3135,17.5625,2.0,2.0,2.0,2.0,2.0,2.0,2.041,4.082,6.383,8.0,8.0,8.0
SLE,Sierra Leone,11.904666666666667,9.354000000000001,8.75,8.75,8.75,4.762,14.516,14.516,14.516,14.516,13.223,13.223,13.223,13.223,12.903,12.397,12.397,12.097,12.397,12.397,12.397,12.329,12.329,12.329,12.329,12.329,28.188
SLV,El Salvador,15.476,16.667,16.667,9.524,9.524,9.524,10.714,10.714,10.714,16.667,16.667,16.667,19.048,19.048,19.048,26.19,26.19,27.381,32.143,32.143,32.143,30.952,30.952,33.333,27.381,27.381,27.381
SMR,San Marino,11.667,13.333,13.333,13.333,16.667,16.667,16.667,16.667,16.667,11.667,11.667,15.0,16.667,16.667,18.333,16.667,18.333,18.333,16.667,23.333,26.667,26.667,25.0,33.333,33.333,33.333,33.333
SOM,Somalia,10.5685,11.818,12.2725,12.2725,14.773000000000001,16.863,14.773000000000001,14.773000000000001,8.0,7.807,8.203,8.203,6.865,6.777,6.777,13.818,13.818,13.818,13.818,28.6665,24.364,24.364,24.364,24.364,24.364,19.708,19.708
SRB,Serbia,9.469999999999999,10.303,11.212,11.212,12.879000000000001,17.059,12.879000000000001,12.879000000000001,8.363666666666667,12.0,20.4,21.6,21.6,21.6,22.0,33.2,33.2,34.0,34.0,34.0,34.4,34.4,37.652,38.8,39.2,36.555,34.8
SSD,South Sudan,8.3715,8.788,10.151499999999999,10.151499999999999,10.985,17.255,10.985,10.985,8.727333333333332,9.6365,11.109,14.4365,14.4365,19.891,26.506,26.506,26.506,26.506,26.506,28.46,28.46,28.46,28.46,28.46,32.364,32.364,32.364
STP,Sao Tome and Principe,7.273,7.273,9.091,9.091,9.091,17.451,9.091,9.091,9.091,7.273,1.818,7.273,7.273,18.182,18.182,18.182,18.182,18.182,18.182,18.182,18.182,14.545,14.545,23.636,23.636,14.545,14.545
SUR,Suriname,15.686,15.686,15.686,11.5455,17.647,17.647,17.647,19.608,25.49,25.49,25.49,25.49,25.49,9.804,11.765,11.765,11.765,11.765,25.49,25.49,25.49,25.49,31.373,29.412,29.412,29.412,29.412
SVK,Slovak Republic,14.667,14.667,12.667,14.0,14.0,17.333,19.333,16.667,16.667,20.0,19.333,19.333,18.0,15.333,16.0,18.667,18.667,18.667,18.667,20.0,20.0,20.0,20.0,22.667,22.667,21.333,22.0
SVN,Slovenia,7.778,7.778,7.778,28.3465,12.222,12.222,12.222,12.222,12.222,12.222,12.222,13.333,14.444,14.444,32.222,32.222,32.222,35.556,36.667,36.667,36.667,24.444,27.778,27.778,26.667,40.0,37.778
SWE,Sweden,40.401,40.401,42.693,42.693,42.693,44.986,45.272,45.272,45.272,47.278,46.991,46.991,46.418,44.986,44.699,44.699,44.986,44.699,43.553,43.553,43.553,46.132,47.278,46.991,46.991,46.418,46.418
SWZ,Eswatini,3.125,3.125,3.077,3.077,3.077,3.077,10.769,10.769,10.769,10.769,10.769,13.846,13.636,13.636,13.636,13.636,6.154,6.154,6.154,6.154,6.154,7.246,7.246,9.589,9.589,13.514,17.143
SYC,Seychelles,27.273,23.529,23.529,23.529,23.529,29.412,29.412,29.412,29.412,29.412,23.529,23.529,23.529,23.529,43.75,43.75,43.75,43.75,43.75,21.212,21.212,21.212,21.212,24.242,22.857,22.857,22.857
SYR,Syrian Arab Republic,9.6,9.6,10.4,10.4,10.4,10.4,12.0,12.0,12.0,12.0,12.0,12.4,12.4,12.4,12.4,12.0,12.0,12.0,12.4,13.2,13.2,13.2,13.2,11.2,11.2,11.2,10.8
TCD,Chad,2.4,2.4,2.4,2.4,2.4,7.6690000000000005,5.806,6.452,6.452,6.452,5.161,5.161,5.161,5.161,12.766,14.894,14.894,14.894,14.894,14.894,12.766,15.254,14.881,15.432,32.258,25.888,25.888
TGO,Togo,1.235,1.235,3.9989999999999997,4.938,4.938,4.938,7.407,6.173,7.407,8.642,11.111,11.111,11.111,11.111,11.111,11.111,15.385,17.582,17.582,17.582,17.582,17.582,16.484,18.681,18.681,18.681,19.78
THA,Thailand,5.598,5.598,5.598,4.813,9.2,9.2,9.2,8.83,10.6,8.678,11.74,11.667,13.319,13.319,15.8,15.8,15.8,6.091,6.091,6.091,4.8,5.285,16.2,15.746,15.746,15.746,18.838
TJK,Tajikistan,2.762,2.762,2.762,15.0,12.698,12.698,12.698,12.698,17.46,17.46,17.46,17.46,17.46,19.048,19.048,19.048,19.048,16.949,19.048,19.048,19.048,19.048,19.048,23.81,23.81,26.984,26.984
TKM,Turkmenistan,18.0,18.0,4.84925,26.0,26.0,26.0,26.0,18.9925,16.0,16.0,16.0,23.3455,16.8,16.8,16.8,16.8,16.8,26.4,25.806,25.806,25.806,24.8,25.0,25.0,25.0,25.862,25.6
TLS,Timor-Leste,9.0,9.0,6.9365000000000006,13.0,13.0,26.136,26.136,25.287,25.287,25.287,29.231,29.231,29.231,29.231,32.308,38.462,38.462,38.462,38.462,38.462,32.308,33.846,38.462,38.462,38.462,40.0,36.923
TON,Tonga,10.0555,10.0555,9.02375,9.3845,12.0555,22.79,22.79,22.365499999999997,3.448,3.333,3.333,3.125,3.125,28.901000000000003,3.571,3.571,3.571,33.5165,34.707,34.707,7.692,7.407,7.407,7.407,32.326,3.704,7.143
TTO,Trinidad and Tobago,11.111,11.111,11.111,5.769,11.111,19.444,19.444,19.444,19.444,19.444,26.829,26.829,26.829,28.571,28.571,28.571,28.571,28.571,30.952,30.952,30.952,30.952,30.952,26.19,26.19,26.19,28.571
TUN,Tunisia,6.748,7.362,11.538,11.538,11.538,11.538,11.538,22.751,22.751,22.751,22.751,22.751,27.57,27.57,26.728,26.728,26.728,31.336,31.336,31.336,31.336,31.336,22.581,24.885,26.267,26.267,16.234
TUR,Turkiye,2.364,2.364,4.182,4.182,4.182,15.113000000000001,4.364,4.364,4.364,4.364,9.107,9.107,9.107,9.107,14.182,14.182,14.416,14.416,14.909,14.909,14.572,17.45,17.45,17.317,17.333,17.354,19.833
TUV,Tuvalu,8.333,9.909499999999998,10.273,6.5395,13.222500000000002,18.688000000000002,12.86,12.86,17.386,17.386,19.7575,19.7575,19.8785,12.375499999999999,6.667,6.667,6.667,6.667,6.667,6.667,6.667,6.667,6.25,6.25,6.25,6.25,6.25
TZA,Tanzania,17.455,17.455,16.364,8.897,22.263,22.263,21.356,21.356,30.408,30.408,30.408,30.408,30.65,15.644,36.0,36.0,36.0,36.0,36.0,36.559,37.179,37.179,36.896,36.719,36.856,36.856,37.405
UGA,Uganda,18.116,18.116,17.921,17.794,24.671,24.671,24.671,23.934,23.934,29.819,30.723,30.723,31.481,31.288,34.974,34.974,34.974,34.974,34.974,33.489,34.298,34.298,34.858,34.858,33.813,33.813,33.813
UKR,Ukraine,3.778,12.593499999999999,7.778,7.778,7.778,18.396,5.333,5.333,5.333,8.667,8.222,8.222,8.0,8.0,8.0,9.438,9.438,11.667,12.085,12.019,12.293,12.293,20.519,20.804,20.804,20.331,20.433
URY,Uruguay,7.071,7.071,12.121,12.121,12.121,12.121,12.121,12.121,11.111,11.111,12.121,12.121,14.141,15.152,12.121,12.121,12.121,13.131,16.162,16.162,20.202,20.202,19.192,21.212,24.242,25.253,26.263
USA,United States,11.724,11.724,13.333,9.6605,14.023,13.793,14.253,14.943,15.172,16.322,16.782,17.011,16.782,16.782,16.82,17.972,17.824,19.31,19.355,19.169,19.355,23.502,23.434,27.465,27.65,28.704,28.966
UZB,Uzbekistan,6.0,6.0,9.0475,7.2,7.2,7.2,7.2,17.5,17.5,17.5,17.5,17.5,22.0,22.0,22.0,22.0,22.0,22.0,16.0,16.0,16.0,16.0,16.0,32.0,32.653,33.333,33.571
VCT,St. Vincent and the Grenadines,9.524,5.9555,4.762,4.762,8.4485,22.727,22.727,22.727,18.182,18.182,18.182,18.182,21.739,14.286,17.391,17.391,13.043,13.043,13.043,13.043,13.043,13.043,13.043,18.182,18.182,18.182,18.182
VEN,"Venezuela, RB",5.911,5.911,12.136,15.381,9.697,9.697,9.697,9.697,17.365,17.964,18.563,18.563,17.47,16.97,16.97,16.97,16.97,16.97,16.97,14.371,22.156,22.156,22.156,22.156,22.156,24.2215,24.2215
VNM,Viet Nam,26.222,26.222,26.0,26.0,26.0,27.309,27.309,27.309,27.309,27.309,25.761,25.761,25.761,25.761,24.4,24.4,24.4,24.297,24.297,26.721,26.721,26.721,26.721,26.721,30.261,30.261,30.261
VUT,Vanuatu,15.152000000000001,15.152000000000001,17.0815,17.0815,16.061,1.923,1.923,3.846,3.846,3.846,3.846,3.846,3.846,3.846,1.923,14.241,14.241,15.2095,15.2095,18.360500000000002,18.360500000000002,18.360500000000002,18.360500000000002,18.360500000000002,19.052,1.923,1.923
WSM,Samoa,4.082,4.082,8.163,8.163,6.122,6.122,6.122,6.122,6.122,6.122,8.163,8.163,8.163,8.163,4.082,4.082,4.082,6.122,6.122,10.0,10.0,10.0,10.0,10.0,7.843,12.963,12.963
YEM,"Yemen, Rep.",14.541,0.664,0.664,0.664,0.669,0.669,0.332,0.332,0.332,0.332,0.332,0.332,0.332,0.332,0.332,0.332,0.332,0.332,24.061,26.0,25.9185,26.374,0.332,0.332,27.212500000000002,29.731499999999997,29.414
ZAF,South Africa,25.0,28.75,30.0,29.825,29.825,29.825,29.825,32.779,32.75,32.75,33.0,33.0,44.5,44.5,42.25,42.25,42.25,41.5,42.0,42.0,41.837,42.748,46.348,46.75,46.582,46.5,45.865
ZMB,Zambia,9.677,10.256,10.127,10.127,10.127,12.025,12.025,12.025,12.658,14.65,15.19,15.19,14.013,14.013,11.465,11.465,11.465,10.759,12.658,17.964,17.964,17.964,17.964,16.766,15.06,15.06,14.97
ZWE,Zimbabwe,14.667,14.667,14.0,9.333,10.0,10.0,10.0,10.0,16.0,16.667,16.0,15.238,14.953,14.953,14.953,14.953,31.481,31.481,31.481,31.481,32.576,31.481,31.852,31.852,31.852,30.566,30.682
